Date,Total_Revenue,Total_Orders,Avg_Freight_Ratio,Daily_AOV,Sales_Lag_1,Sales_Lag_7,Rolling_Mean_7d,DayOfWeek,Is_Weekend,DayOfMonth,Month
2016-10-06,7960.51,49,0.28945583523847146,162.45938775510206,8343.25,72.89,2730.721428571429,3,0,6,10
2016-10-07,7228.05,45,0.23040673007977974,160.62333333333333,7960.51,59.5,3857.524285714286,4,0,7,10
2016-10-08,8441.85,40,0.2662272051457698,211.04625000000001,7228.05,134.97,4881.602857142857,5,1,8,10
2016-10-09,3336.9900000000002,26,0.34796772441659324,128.34576923076924,8441.85,100.0,6068.300000000001,6,1,9,10
2016-10-10,3692.57,37,0.40191595021891474,99.79918918918919,3336.9900000000002,463.48,6530.727142857143,0,0,10,10
2016-12-23,10.9,1,0.8,10.9,3692.57,9940.960000000001,6992.025714285715,4,0,23,12
2017-01-05,396.9,32,0.9322605768459282,12.403125,10.9,8343.25,5573.4457142857145,3,0,5,1
2017-01-06,916.38,4,0.3311502443947922,229.095,396.9,7960.51,4438.2528571428575,4,0,6,1
2017-01-07,1351.9,4,0.12933703329370397,337.975,916.38,7228.05,3431.948571428572,5,1,7,1
2017-01-08,709.58,6,0.3321228310346273,118.26333333333334,1351.9,8441.85,2592.4985714285717,6,1,8,1
2017-01-09,673.79,5,0.3876160865494998,134.75799999999998,709.58,3336.9900000000002,1487.8885714285716,0,0,9,1
2017-01-10,1434.87,6,0.19332032423799117,239.14499999999998,673.79,3692.57,1107.4314285714286,1,0,10,1
2017-01-11,2776.16,12,0.2692807418725188,231.34666666666666,1434.87,10.9,784.9028571428571,2,0,11,1
2017-01-12,2234.58,13,0.30616433800788817,171.89076923076922,2776.16,396.9,1179.94,3,0,12,1
2017-01-13,2505.58,11,0.15191795909188602,227.78,2234.58,916.38,1442.465714285714,4,0,13,1
2017-01-14,1112.69,18,0.4030717966365607,61.81611111111111,2505.58,1351.9,1669.4942857142855,5,1,14,1
2017-01-15,2199.57,14,0.3791013776724984,157.11214285714286,1112.69,709.58,1635.3214285714282,6,1,15,1
2017-01-16,3307.92,19,0.2838333455597224,174.10105263157894,2199.57,673.79,1848.1771428571426,0,0,16,1
2017-01-17,3302.5299999999997,32,0.30440106616407003,103.20406249999999,3307.92,1434.87,2224.4814285714283,1,0,17,1
2017-01-18,4032.36,33,0.38274690097946606,122.19272727272728,3302.5299999999997,2776.16,2491.29,2,0,18,1
2017-01-19,3553.95,29,0.3602563665267547,122.55,4032.36,2234.58,2670.747142857143,3,0,19,1
2017-01-20,4035.83,28,0.3161195451963744,144.1367857142857,3553.95,2505.58,2859.2285714285713,4,0,20,1
2017-01-21,2458.6,24,0.4234587781326794,102.44166666666666,4035.83,1112.69,3077.8357142857144,5,1,21,1
2017-01-22,3619.27,30,0.2865977264283074,120.64233333333333,2458.6,2199.57,3270.1085714285714,6,1,22,1
2017-01-23,6581.47,39,0.3748515998363416,168.75564102564104,3619.27,3307.92,3472.922857142857,0,0,23,1
2017-01-24,5955.17,40,0.24243034507018232,148.87925,6581.47,3302.5299999999997,3940.5728571428576,1,0,24,1
2017-01-25,8977.23,62,0.30112201818202167,144.7940322580645,5955.17,4032.36,4319.521428571429,2,0,25,1
2017-01-26,13157.66,85,0.36237055381459177,154.796,8977.23,3553.95,5025.931428571429,3,0,26,1
2017-01-27,11432.95,61,0.31673433488924796,187.4254098360656,13157.66,4035.83,6397.889999999999,4,0,27,1
2017-01-28,5211.01,29,0.4275200280484387,179.69,11432.95,2458.6,7454.621428571429,5,1,28,1
2017-01-29,6457.66,35,0.19827639164939287,184.50457142857144,5211.01,3619.27,7847.822857142857,6,1,29,1
2017-01-30,10801.130000000001,51,0.23315056070396467,211.78686274509806,6457.66,6581.47,8253.307142857144,0,0,30,1
2017-01-31,11116.13,67,0.3081358993060841,165.91238805970147,10801.130000000001,5955.17,8856.115714285716,1,0,31,1
2017-02-01,8219.75,67,0.3247337877167691,122.68283582089552,11116.13,8977.23,9593.395714285713,2,0,1,2
2017-02-02,8917.64,68,0.35308513031304994,131.14176470588234,8219.75,13157.66,9485.184285714287,3,0,2,2
2017-02-03,10183.74,57,0.3236939461320263,178.66210526315788,8917.64,11432.95,8879.467142857142,4,0,3,2
2017-02-04,13968.16,66,0.24020407366774282,211.63878787878787,10183.74,5211.01,8701.00857142857,5,1,4,2
2017-02-05,8503.79,75,0.3292414440870131,113.38386666666668,13968.16,6457.66,9952.029999999999,6,1,5,2
2017-02-06,9539.44,81,0.3644059296911449,117.77086419753087,8503.79,10801.130000000001,10244.334285714285,0,0,6,2
2017-02-07,14143.48,111,0.2955990587532346,127.41873873873874,9539.44,11116.13,10064.092857142856,1,0,7,2
2017-02-08,11958.27,90,0.36184512336241814,132.86966666666666,14143.48,8219.75,10496.57142857143,2,0,8,2
2017-02-09,9190.29,77,0.31490150721448107,119.35441558441559,11958.27,8917.64,11030.645714285714,3,0,9,2
2017-02-10,14222.64,66,0.2751465158042106,215.49454545454546,9190.29,10183.74,11069.595714285713,4,0,10,2
2017-02-11,4307.56,45,0.4132972645480435,95.72355555555556,14222.64,13968.16,11646.581428571428,5,1,11,2
2017-02-12,15126.15,63,0.3044336667494158,240.09761904761905,4307.56,8503.79,10266.495714285715,6,1,12,2
2017-02-13,10785.15,76,0.3917242246786495,141.90986842105264,15126.15,9539.44,11212.547142857144,0,0,13,2
2017-02-14,12694.11,71,0.3160029708511285,178.79028169014086,10785.15,14143.48,11390.505714285713,1,0,14,2
2017-02-15,6770.15,60,0.31771026477556097,112.83583333333333,12694.11,11958.27,11183.452857142856,2,0,15,2
2017-02-16,6348.04,52,0.2990238053422642,122.0776923076923,6770.15,9190.29,10442.292857142855,3,0,16,2
2017-02-17,6801.26,45,0.29028123200473566,151.1391111111111,6348.04,14222.64,10036.257142857143,4,0,17,2
2017-02-18,7297.33,52,0.3587429138670567,140.33326923076922,6801.26,4307.56,8976.060000000001,5,1,18,2
2017-02-19,3797.9,40,0.35239313692714846,94.9475,7297.33,15126.15,9403.17,6,1,19,2
2017-02-20,7878.3,63,0.38427168396845257,125.05238095238096,3797.9,10785.15,7784.848571428572,0,0,20,2
2017-02-21,8285.64,41,0.39320484459504484,202.08878048780485,7878.3,12694.11,7369.584285714286,1,0,21,2
2017-02-22,8033.05,61,0.4148605802357548,131.6893442622951,8285.64,6770.15,6739.802857142858,2,0,22,2
2017-02-23,6940.82,59,0.33927518896406594,117.64101694915254,8033.05,6348.04,6920.217142857143,3,0,23,2
2017-02-24,6682.21,62,0.37307387964995437,107.7775806451613,6940.82,6801.26,7004.9,4,0,24,2
2017-02-25,4196.59,42,0.32150399585961154,99.91880952380953,6682.21,7297.33,6987.892857142857,5,1,25,2
2017-02-26,5446.68,45,0.5746498770745652,121.03733333333334,4196.59,3797.9,6544.93,6,1,26,2
2017-02-27,5844.12,43,0.6026511204990453,135.90976744186045,5446.68,7878.3,6780.47,0,0,27,2
2017-02-28,11220.76,55,0.3146817422045127,204.01381818181818,5844.12,8285.64,6489.872857142857,1,0,28,2
2017-03-01,12555.41,95,0.3441486093977561,132.1622105263158,11220.76,8033.05,6909.175714285714,2,0,1,3
2017-03-02,11377.0,68,0.33042169061493465,167.30882352941177,12555.41,6940.82,7555.227142857143,3,0,2,3
2017-03-03,12364.44,72,0.3024717787889707,171.72833333333335,11377.0,6682.21,8188.967142857144,4,0,3,3
2017-03-04,12658.51,77,0.31889965798255077,164.39623376623376,12364.44,4196.59,9000.714285714286,5,1,4,3
2017-03-05,6954.62,72,0.46785102151118724,96.59194444444444,12658.51,5446.68,10209.56,6,1,5,3
2017-03-06,10336.64,99,0.37004078074180713,104.41050505050505,6954.62,5844.12,10424.98,0,0,6,3
2017-03-07,11883.52,81,0.34127116612974095,146.71012345679014,10336.64,11220.76,11066.768571428573,1,0,7,3
2017-03-08,14612.46,78,0.28128473117785774,187.33923076923077,11883.52,12555.41,11161.448571428571,2,0,8,3
2017-03-09,11705.54,92,0.33097854515779973,127.23413043478261,14612.46,11377.0,11455.312857142857,3,0,9,3
2017-03-10,12358.87,88,0.3554484783012685,140.44170454545454,11705.54,12364.44,11502.247142857143,4,0,10,3
2017-03-11,10852.97,71,0.35124651682180996,152.8587323943662,12358.87,12658.51,11501.451428571429,5,1,11,3
2017-03-12,6612.16,64,0.37257981608008767,103.315,10852.97,6954.62,11243.517142857143,6,1,12,3
2017-03-13,16958.05,111,0.2661040500120737,152.77522522522523,6612.16,10336.64,11194.594285714284,0,0,13,3
2017-03-14,14243.66,99,0.2874652738816724,143.87535353535353,16958.05,11883.52,12140.509999999998,1,0,14,3
2017-03-15,14999.33,107,0.3279454107042781,140.18065420560748,14243.66,14612.46,12477.672857142858,2,0,15,3
2017-03-16,14269.78,103,0.3186239894368935,138.54155339805826,14999.33,11705.54,12532.94,3,0,16,3
2017-03-17,11970.4,65,0.3021954402521805,184.16,14269.78,12358.87,12899.26,4,0,17,3
2017-03-18,16433.82,73,0.27853896718926047,225.12082191780823,11970.4,10852.97,12843.764285714284,5,1,18,3
2017-03-19,6649.34,56,0.2279722826290744,118.73821428571429,16433.82,6612.16,13641.028571428573,6,1,19,3
2017-03-20,17096.49,116,0.28839180428346933,147.38353448275865,6649.34,16958.05,13646.34,0,0,20,3
2017-03-21,11349.130000000001,93,0.3410831180161089,122.0336559139785,17096.49,14243.66,13666.117142857143,1,0,21,3
2017-03-22,14188.970000000001,105,0.3579202995649815,135.13304761904763,11349.130000000001,14999.33,13252.612857142856,2,0,22,3
2017-03-23,16375.55,111,0.336413567551645,147.52747747747748,14188.970000000001,14269.78,13136.847142857141,3,0,23,3
2017-03-24,10177.87,77,0.3562380315497986,132.1801298701299,16375.55,11970.4,13437.671428571428,4,0,24,3
2017-03-25,9423.04,75,0.3790329911271626,125.64053333333335,10177.87,16433.82,13181.595714285713,5,1,25,3
2017-03-26,6320.95,64,0.336389527934924,98.76484375,9423.04,6649.34,12180.055714285716,6,1,26,3
2017-03-27,16356.97,109,0.32218099067834843,150.06394495412843,6320.95,17096.49,12133.142857142857,0,0,27,3
2017-03-28,12373.11,102,0.35900675735898746,121.305,16356.97,11349.130000000001,12027.497142857144,1,0,28,3
2017-03-29,8660.54,74,0.39568087588635975,117.03432432432433,12373.11,14188.970000000001,12173.78,2,0,29,3
2017-03-30,10025.6,74,0.3350894250893064,135.48108108108107,8660.54,16375.55,11384.004285714285,3,0,30,3
2017-03-31,12199.56,70,0.33044495889574804,174.27942857142855,10025.6,10177.87,10476.868571428571,4,0,31,3
2017-04-01,17697.37,67,0.3019059127171285,264.1398507462686,12199.56,9423.04,10765.68142857143,5,1,1,4
2017-04-02,9129.880000000001,65,0.2742429549401996,140.45969230769234,17697.37,6320.95,11947.728571428572,6,1,2,4
2017-04-03,9156.76,72,0.38727363575465285,127.17722222222223,9129.880000000001,16356.97,12349.004285714285,0,0,3,4
2017-04-04,12301.65,96,0.2844624566210871,128.1421875,9156.76,12373.11,11320.402857142855,1,0,4,4
2017-04-05,18902.94,96,0.27560065825218466,196.905625,12301.65,8660.54,11310.194285714284,2,0,5,4
2017-04-06,23168.89,95,0.3254009309743929,243.88305263157895,18902.94,10025.6,12773.394285714285,3,0,6,4
2017-04-07,13300.65,85,0.3299458816726916,156.47823529411764,23168.89,12199.56,14651.007142857141,4,0,7,4
2017-04-08,8785.09,66,0.3258013018719743,133.10742424242426,13300.65,17697.37,14808.305714285714,5,1,8,4
2017-04-09,8222.65,73,0.3969170496761657,112.6390410958904,8785.09,9129.880000000001,13535.122857142856,6,1,9,4
2017-04-10,11732.31,87,0.33301976838495584,134.85413793103447,8222.65,9156.76,13405.51857142857,0,0,10,4
2017-04-11,8296.51,77,0.3344162668713305,107.74688311688313,11732.31,12301.65,13773.454285714284,1,0,11,4
2017-04-12,8209.2,63,0.31188295172957414,130.3047619047619,8296.51,18902.94,13201.29142857143,2,0,12,4
2017-04-13,9691.43,60,0.30978238608639425,161.52383333333333,8209.2,23168.89,11673.614285714286,3,0,13,4
2017-04-14,8168.66,53,0.3760117412407988,154.12566037735849,9691.43,13300.65,9748.262857142856,4,0,14,4
2017-04-15,8333.94,52,0.34831560213551943,160.26807692307693,8168.66,8785.09,9015.121428571429,5,1,15,4
2017-04-16,5455.96,49,0.3661964938271325,111.3461224489796,8333.94,8222.65,8950.671428571428,6,1,16,4
2017-04-17,9416.67,65,0.2902025183521065,144.87184615384615,5455.96,11732.31,8555.43,0,0,17,4
2017-04-18,21286.72,71,0.2821584974821128,299.8129577464789,9416.67,8296.51,8224.624285714284,1,0,18,4
2017-04-19,12103.46,97,0.27505557695970134,124.7779381443299,21286.72,8209.2,10080.368571428571,2,0,19,4
2017-04-20,13373.14,96,0.37052072058241414,139.30354166666666,12103.46,9691.43,10636.691428571428,3,0,20,4
2017-04-21,8457.71,68,0.36497718866269346,124.3780882352941,13373.14,8168.66,11162.65,4,0,21,4
2017-04-22,12860.18,83,0.31680846238239635,154.94192771084337,8457.71,8333.94,11203.942857142856,5,1,22,4
2017-04-23,10038.95,86,0.2918035091340993,116.73197674418606,12860.18,5455.96,11850.548571428571,6,1,23,4
2017-04-24,15150.03,115,0.3119974542847862,131.73939130434783,10038.95,9416.67,12505.261428571428,0,0,24,4
2017-04-25,14671.74,111,0.3341015963791616,132.17783783783784,15150.03,21286.72,13324.312857142857,1,0,25,4
2017-04-26,15919.75,125,0.34648954802963294,127.358,14671.74,12103.46,12379.315714285714,2,0,26,4
2017-04-27,10300.710000000001,79,0.44609442741433825,130.3887341772152,15919.75,13373.14,12924.5,3,0,27,4
2017-04-28,15790.49,98,0.3075846489106916,161.12744897959183,10300.710000000001,8457.71,12485.581428571428,4,0,28,4
2017-04-29,11912.63,73,0.2989816538879747,163.1867123287671,15790.49,12860.18,13533.121428571429,5,1,29,4
2017-04-30,8091.16,68,0.29375065596818606,118.98764705882353,11912.63,10038.95,13397.757142857143,6,1,30,4
2017-05-01,12580.27,116,0.3812989240216658,108.45060344827587,8091.16,15150.03,13119.501428571428,0,0,1,5
2017-05-02,17640.2,125,0.30566174296578275,141.1216,12580.27,14671.74,12752.392857142857,1,0,2,5
2017-05-03,10053.56,102,0.33514772163572687,98.5643137254902,17640.2,15919.75,13176.45857142857,2,0,3,5
2017-05-04,13508.55,108,0.2964036874542768,125.07916666666667,10053.56,10300.710000000001,12338.43142857143,3,0,4,5
2017-05-05,13969.76,110,0.3601259494702989,126.99781818181819,13508.55,15790.49,12796.694285714286,4,0,5,5
2017-05-06,16219.98,107,0.3391427453930931,151.58859813084112,13969.76,11912.63,12536.59,5,1,6,5
2017-05-07,17167.87,109,0.380264847587319,157.50339449541283,16219.98,8091.16,13151.925714285713,6,1,7,5
2017-05-08,16148.41,122,0.30640973708426433,132.36401639344263,17167.87,12580.27,14448.598571428573,0,0,8,5
2017-05-09,20837.05,125,0.33612696030173267,166.69639999999998,16148.41,17640.2,14958.332857142857,1,0,9,5
2017-05-10,20927.49,115,0.270089771189026,181.9781739130435,20837.05,10053.56,15415.025714285715,2,0,10,5
2017-05-11,18164.55,126,0.2964085632263276,144.16309523809522,20927.49,13508.55,16968.444285714282,3,0,11,5
2017-05-12,12635.710000000001,113,0.33310766986805335,111.82044247787611,18164.55,13969.76,17633.587142857144,4,0,12,5
2017-05-13,9118.65,73,0.3287086458686972,124.91301369863014,12635.710000000001,16219.98,17443.00857142857,5,1,13,5
2017-05-14,15219.7,112,0.31547719331832325,135.89017857142858,9118.65,17167.87,16428.532857142858,6,1,14,5
2017-05-15,17962.03,154,0.36398422428615046,116.63655844155844,15219.7,16148.41,16150.222857142857,0,0,15,5
2017-05-16,21174.88,151,0.286026743696827,140.23099337748346,17962.03,20837.05,16409.31142857143,1,0,16,5
2017-05-17,18343.93,141,0.32397006780335724,130.09879432624115,21174.88,20927.49,16457.572857142855,2,0,17,5
2017-05-18,18245.13,125,0.30155432179026886,145.96104,18343.93,18164.55,16088.492857142857,3,0,18,5
2017-05-19,18397.67,144,0.31163721751688866,127.7615972222222,18245.13,12635.710000000001,16100.004285714285,4,0,19,5
2017-05-20,10632.41,72,0.31790176812430937,147.67236111111112,18397.67,9118.65,16923.141428571427,5,1,20,5
2017-05-21,17426.2,148,0.3622745851091162,117.7445945945946,10632.41,15219.7,17139.39285714286,6,1,21,5
2017-05-22,25414.2,148,0.3114438474707154,171.71756756756758,17426.2,17962.03,17454.60714285714,0,0,22,5
2017-05-23,17798.38,125,0.28304315016044634,142.38704,25414.2,21174.88,18519.202857142856,1,0,23,5
2017-05-24,23350.97,141,0.34436621389067373,165.60971631205675,17798.38,18343.93,18036.845714285715,2,0,24,5
2017-05-25,15383.79,105,0.31771501564003835,146.51228571428572,23350.97,18245.13,18752.13714285714,3,0,25,5
2017-05-26,10651.18,78,0.41546194006607245,136.55358974358975,15383.79,18397.67,18343.374285714286,4,0,26,5
2017-05-27,14139.51,81,0.34707069583609823,174.56185185185186,10651.18,10632.41,17236.73285714286,5,1,27,5
2017-05-28,9262.62,98,0.3317886621142446,94.5165306122449,14139.51,17426.2,17737.747142857144,6,1,28,5
2017-05-29,18912.86,158,0.3073309587572247,119.70164556962025,9262.62,25414.2,16571.52142857143,0,0,29,5
2017-05-30,14345.48,102,0.3030213415865427,140.6419607843137,18912.86,17798.38,15642.75857142857,1,0,30,5
2017-05-31,20438.15,126,0.28173715422286094,162.2075396825397,14345.48,23350.97,15149.487142857144,2,0,31,5
2017-06-01,19305.25,124,0.2992183924947684,155.6875,20438.15,15383.79,14733.369999999999,3,0,1,6
2017-06-02,19131.33,126,0.2772989549464065,151.8359523809524,19305.25,10651.18,15293.578571428572,4,0,2,6
2017-06-03,10450.35,89,0.3239178711109913,117.41966292134832,19131.33,14139.51,16505.02857142857,5,1,3,6
2017-06-04,13863.23,101,0.267495853034766,137.259702970297,10450.35,9262.62,15978.005714285715,6,1,4,6
2017-06-05,24184.55,146,0.25574498864590645,165.647602739726,13863.23,18912.86,16635.235714285714,0,0,5,6
2017-06-06,14589.15,133,0.39105800080932457,109.69285714285714,24184.55,14345.48,17388.334285714285,1,0,6,6
2017-06-07,12771.66,124,0.3307895169991966,102.99725806451613,14589.15,20438.15,17423.144285714287,2,0,7,6
2017-06-08,18503.079999999998,137,0.30746674597611284,135.05897810218977,12771.66,19305.25,16327.93142857143,3,0,8,6
2017-06-09,16051.35,106,0.41431990074877023,151.42783018867925,18503.079999999998,19131.33,16213.335714285715,4,0,9,6
2017-06-10,8220.35,76,0.35794983135672087,108.16250000000001,16051.35,10450.35,15773.33857142857,5,1,10,6
2017-06-11,14303.56,113,0.33974924530050143,126.58017699115044,8220.35,13863.23,15454.767142857143,6,1,11,6
2017-06-12,14803.11,125,0.323292784783478,118.42488,14303.56,24184.55,15517.671428571428,0,0,12,6
2017-06-13,14016.09,125,0.3342351702357675,112.12872,14803.11,14589.15,14177.465714285714,1,0,13,6
2017-06-14,20441.670000000002,130,0.32357736336593756,157.2436153846154,14016.09,12771.66,14095.6,2,0,14,6
2017-06-15,12737.67,107,0.32192425987095946,119.04364485981309,20441.670000000002,18503.079999999998,15191.315714285713,3,0,15,6
2017-06-16,12908.23,97,0.30968487029987674,133.07453608247422,12737.67,16051.35,14367.685714285717,4,0,16,6
2017-06-17,11264.77,74,0.30457911890114414,152.22662162162163,12908.23,8220.35,13918.668571428572,5,1,17,6
2017-06-18,17836.16,90,0.3237847499891357,198.17955555555557,11264.77,14303.56,14353.585714285715,6,1,18,6
2017-06-19,22764.83,156,0.29970165523371756,145.92839743589744,17836.16,14803.11,14858.242857142859,0,0,19,6
2017-06-20,10968.33,92,0.4376747461366725,119.22097826086956,22764.83,14016.09,15995.63142857143,1,0,20,6
2017-06-21,6183.65,35,0.45787373901990397,176.67571428571426,10968.33,20441.670000000002,15560.237142857144,2,0,21,6
2017-06-22,8826.81,88,0.3760311996663597,100.30465909090908,6183.65,12737.67,13523.377142857144,3,0,22,6
2017-06-23,13282.98,107,0.32475718788784896,124.14,8826.81,12908.23,12964.682857142858,4,0,23,6
2017-06-24,8325.65,76,0.35661459661342454,109.54802631578947,13282.98,11264.77,13018.218571428572,5,1,24,6
2017-06-25,17646.18,105,0.31510584819796367,168.05885714285714,8325.65,17836.16,12598.344285714285,6,1,25,6
2017-06-26,13414.76,72,0.31317289562449935,186.31611111111113,17646.18,22764.83,12571.204285714284,0,0,26,6
2017-06-27,16681.61,140,0.3135343085755592,119.15435714285715,13414.76,10968.33,11235.48,1,0,27,6
2017-06-28,14655.82,120,0.32840335989164604,122.13183333333333,16681.61,6183.65,12051.662857142857,2,0,28,6
2017-06-29,12169.53,110,0.3247898826544751,110.63209090909092,14655.82,8826.81,13261.972857142857,3,0,29,6
2017-06-30,12736.89,93,0.29860995354838243,136.9558064516129,12169.53,13282.98,13739.504285714287,4,0,30,6
2017-07-01,12151.75,80,0.31442880156823944,151.896875,12736.89,8325.65,13661.49142857143,5,1,1,7
2017-07-02,11489.44,105,0.32981257245129947,109.4232380952381,12151.75,17646.18,14208.077142857144,6,1,2,7
2017-07-03,16611.05,117,0.3306724381480632,141.97478632478632,11489.44,13414.76,13328.54285714286,0,0,3,7
2017-07-04,15484.24,123,0.3302905322079509,125.88813008130082,16611.05,16681.61,13785.155714285715,1,0,4,7
2017-07-05,20789.56,140,0.31041279470290256,148.49685714285715,15484.24,14655.82,13614.102857142858,2,0,5,7
2017-07-06,22223.72,148,0.29605197735702127,150.16027027027027,20789.56,12169.53,14490.351428571428,3,0,6,7
2017-07-07,13662.87,117,0.33027878092604873,116.77666666666667,22223.72,12736.89,15926.664285714285,4,0,7,7
2017-07-08,10206.86,83,0.2617095422974565,122.97421686746989,13662.87,12151.75,16058.947142857141,5,1,8,7
2017-07-09,8197.38,90,0.35839122068154644,91.082,10206.86,11489.44,15781.105714285713,6,1,9,7
2017-07-10,17326.93,140,0.33224199063711257,123.76378571428572,8197.38,16611.05,15310.811428571427,0,0,10,7
2017-07-11,20213.79,162,0.31313235531277767,124.77648148148148,17326.93,15484.24,15413.08,1,0,11,7
2017-07-12,19180.22,149,0.32240083657781116,128.72630872483222,20213.79,20789.56,16088.73,2,0,12,7
2017-07-13,14531.0,137,0.35770477127382244,106.06569343065694,19180.22,22223.72,15858.824285714287,3,0,13,7
2017-07-14,18745.15,149,0.3330907937608871,125.80637583892619,14531.0,13662.87,14759.864285714286,4,0,14,7
2017-07-15,10930.56,98,0.35324869628536987,111.53632653061224,18745.15,10206.86,15485.904285714289,5,1,15,7
2017-07-16,13421.6,112,1.1998678784064487,119.83571428571429,10930.56,8197.38,15589.290000000003,6,1,16,7
2017-07-17,21554.98,163,0.26988670912483015,132.23914110429448,13421.6,17326.93,16335.607142857143,0,0,17,7
2017-07-18,28238.2,190,0.2765703757878995,148.6221052631579,21554.98,20213.79,16939.614285714288,1,0,18,7
2017-07-19,16545.34,150,0.29475684798774365,110.30226666666667,28238.2,19180.22,18085.95857142857,2,0,19,7
2017-07-20,19174.08,141,0.33057505386277597,135.9863829787234,16545.34,14531.0,17709.547142857144,3,0,20,7
2017-07-21,13448.85,114,0.3002803051445594,117.97236842105264,19174.08,18745.15,18372.844285714287,4,0,21,7
2017-07-22,11456.81,88,0.3561469577521019,130.19102272727272,13448.85,10930.56,17616.230000000003,5,1,22,7
2017-07-23,12117.61,104,0.28334505159884427,116.51548076923078,11456.81,13421.6,17691.408571428572,6,1,23,7
2017-07-24,19662.62,161,0.2921845830082128,122.12807453416148,12117.61,21554.98,17505.124285714286,0,0,24,7
2017-07-25,17482.53,151,0.31961076514019315,115.77834437086092,19662.62,28238.2,17234.787142857145,1,0,25,7
2017-07-26,11265.23,123,0.4175518318883292,91.58723577235772,17482.53,16545.34,15698.262857142856,2,0,26,7
2017-07-27,15693.93,123,0.33754117315071325,127.5929268292683,11265.23,19174.08,14943.961428571429,3,0,27,7
2017-07-28,20043.16,132,0.29712997005799147,151.8421212121212,15693.93,13448.85,14446.797142857144,4,0,28,7
2017-07-29,15964.27,115,0.2562971623764017,138.81973913043478,20043.16,11456.81,15388.841428571426,5,1,29,7
2017-07-30,12944.87,117,0.3283606858710419,110.63991452991453,15964.27,12117.61,16032.764285714284,6,1,30,7
2017-07-31,17272.88,147,0.33269862560901825,117.5025850340136,12944.87,19662.62,16150.944285714286,0,0,31,7
2017-08-01,21745.04,165,0.31689126450188215,131.7881212121212,17272.88,17482.53,15809.552857142857,1,0,1,8
2017-08-02,18147.0,155,0.3148391320642265,117.07741935483871,21745.04,11265.23,16418.48285714286,2,0,2,8
2017-08-03,19125.51,146,0.29454143288204093,130.99664383561642,18147.0,15693.93,17401.59285714286,3,0,3,8
2017-08-04,18361.62,141,0.30597629461146914,130.22425531914894,19125.51,20043.16,17891.818571428572,4,0,4,8
2017-08-05,11946.91,115,0.3240415410906985,103.88617391304348,18361.62,15964.27,17651.59857142857,5,1,5,8
2017-08-06,14181.14,108,0.3747587824056554,131.30685185185186,11946.91,12944.87,17077.69,6,1,6,8
2017-08-07,23257.84,157,0.27584515919622205,148.1391082802548,14181.14,17272.88,17254.3,0,0,7,8
2017-08-08,18661.63,146,0.28785261130187095,127.81938356164385,23257.84,21745.04,18109.294285714284,1,0,8,8
2017-08-09,20756.52,142,0.30601401676519946,146.17267605633802,18661.63,18147.0,17668.807142857142,2,0,9,8
2017-08-10,19961.55,155,0.29548197944587473,128.7841935483871,20756.52,19125.51,18041.595714285715,3,0,10,8
2017-08-11,20039.24,138,0.3486897178356694,145.21188405797102,19961.55,18361.62,18161.030000000002,4,0,11,8
2017-08-12,13980.86,97,0.2911540923961437,144.13257731958763,20039.24,11946.91,18400.69,5,1,12,8
2017-08-13,12334.19,92,0.36044277061366403,134.06728260869565,13980.86,14181.14,18691.254285714287,6,1,13,8
2017-08-14,18156.37,156,0.2922519807152895,116.38698717948718,12334.19,23257.84,18427.404285714285,0,0,14,8
2017-08-15,23727.260000000002,193,0.29754909164609783,122.93917098445597,18156.37,18661.63,17698.622857142855,1,0,15,8
2017-08-16,23950.42,173,0.34356823583292345,138.44173410404622,23727.260000000002,20756.52,18422.284285714286,2,0,16,8
2017-08-17,18357.91,155,0.29017778044643927,118.43812903225806,23950.42,19961.55,18878.555714285718,3,0,17,8
2017-08-18,17132.01,146,0.29573740199434617,117.34253424657533,18357.91,20039.24,18649.464285714286,4,0,18,8
2017-08-19,12910.13,108,0.37836759973827305,119.53824074074073,17132.01,13980.86,18234.145714285714,5,1,19,8
2017-08-20,12873.78,103,0.3642305888249898,124.98815533980583,12910.13,12334.19,18081.184285714287,6,1,20,8
2017-08-21,22219.35,177,0.3353455938826154,125.53305084745762,12873.78,18156.37,18158.268571428573,0,0,21,8
2017-08-22,16627.12,136,0.359329452406131,122.25823529411764,22219.35,23727.260000000002,18738.69428571429,1,0,22,8
2017-08-23,15873.61,111,0.2586952503761691,143.0054954954955,16627.12,23950.42,17724.38857142857,2,0,23,8
2017-08-24,13361.11,126,0.30780039952971333,106.04055555555556,15873.61,18357.91,16570.558571428573,3,0,24,8
2017-08-25,15163.32,123,0.28976765274265226,123.2790243902439,13361.11,17132.01,15856.729999999998,4,0,25,8
2017-08-26,10141.69,93,0.3317171658200744,109.05043010752689,15163.32,12910.13,15575.488571428572,5,1,26,8
2017-08-27,13367.88,118,0.38690496386387946,113.28711864406779,10141.69,12873.78,15179.997142857143,6,1,27,8
2017-08-28,22244.52,155,0.3039407106444996,143.51303225806453,13367.88,22219.35,15250.582857142856,0,0,28,8
2017-08-29,33756.48,137,0.2913948548584885,246.39766423357668,22244.52,16627.12,15254.17857142857,1,0,29,8
2017-08-30,30938.16,178,0.3077980260681268,173.80988764044943,33756.48,15873.61,17701.230000000003,2,0,30,8
2017-08-31,20671.51,148,0.30136315164798594,139.67236486486485,30938.16,13361.11,19853.308571428573,3,0,31,8
2017-09-01,28473.13,158,0.3125628078079437,180.2096835443038,20671.51,15163.32,20897.65142857143,4,0,1,9
2017-09-02,18128.66,104,0.3234454893278367,174.31403846153847,28473.13,10141.69,22799.052857142855,5,1,2,9
2017-09-03,27795.41,125,0.24068890884864597,222.36328,18128.66,13367.88,23940.04857142857,6,1,3,9
2017-09-04,24937.98,148,0.2752301949531314,168.49986486486486,27795.41,22244.52,26001.124285714286,0,0,4,9
2017-09-05,20981.55,154,0.30194485884675026,136.24383116883115,24937.98,33756.48,26385.90428571429,1,0,5,9
2017-09-06,25624.61,140,0.28680370167838887,183.03292857142858,20981.55,30938.16,24560.914285714283,2,0,6,9
2017-09-07,16893.5,97,0.30071973646140077,174.159793814433,25624.61,20671.51,23801.835714285717,3,0,7,9
2017-09-08,11883.47,115,0.32792903053780625,103.33452173913042,16893.5,28473.13,23262.120000000003,4,0,8,9
2017-09-09,15082.53,106,0.35257771374978575,142.28801886792454,11883.47,18128.66,20892.168571428574,5,1,9,9
2017-09-10,17810.27,135,0.2605113909562034,131.92792592592593,15082.53,27795.41,20457.007142857146,6,1,10,9
2017-09-11,23376.78,178,0.28114446160767453,131.33022471910112,17810.27,24937.98,19030.558571428573,0,0,11,9
2017-09-12,27136.010000000002,204,0.2983405821471253,133.0196568627451,23376.78,20981.55,18807.53,1,0,12,9
2017-09-13,27593.28,205,0.3146193370208944,134.60136585365854,27136.010000000002,25624.61,19686.738571428574,2,0,13,9
2017-09-14,22557.76,166,0.30999163726630785,135.8901204819277,27593.28,16893.5,19967.977142857144,3,0,14,9
2017-09-15,18373.26,150,0.3602642185184557,122.48839999999998,22557.76,11883.47,20777.157142857144,4,0,15,9
2017-09-16,21147.37,129,0.2824186647679681,163.9331007751938,18373.26,15082.53,21704.27,5,1,16,9
2017-09-17,19979.420000000002,125,0.2736698524688006,159.83536,21147.37,17810.27,22570.675714285717,6,1,17,9
2017-09-18,28487.81,183,0.2730303441835189,155.67109289617488,19979.420000000002,23376.78,22880.554285714286,0,0,18,9
2017-09-19,20057.95,153,0.2865836368695031,131.09771241830066,28487.81,27136.010000000002,23610.701428571425,1,0,19,9
2017-09-20,22102.55,161,0.30781316807963927,137.28291925465837,20057.95,27593.28,22599.55,2,0,20,9
2017-09-21,19015.53,150,0.3280075856056348,126.77019999999999,22102.55,22557.76,21815.16,3,0,21,9
2017-09-22,16255.12,136,0.2766517840219608,119.5229411764706,19015.53,18373.26,21309.12714285714,4,0,22,9
2017-09-23,10513.5,85,0.39528990634445726,123.68823529411765,16255.12,21147.37,21006.535714285714,5,1,23,9
2017-09-24,13049.75,113,0.2934429921298734,115.48451327433628,10513.5,19979.420000000002,19487.411428571428,6,1,24,9
2017-09-25,17987.1,133,0.36678786675719666,135.24135338345863,13049.75,28487.81,18497.45857142857,0,0,25,9
2017-09-26,21681.9,179,0.29355830104095987,121.12793296089386,17987.1,20057.95,16997.35714285714,1,0,26,9
2017-09-27,20646.920000000002,144,0.3012062058148454,143.3813888888889,21681.9,22102.55,17229.35,2,0,27,9
2017-09-28,23264.52,142,0.2745759690908854,163.83464788732394,20646.920000000002,19015.53,17021.402857142857,3,0,28,9
2017-09-29,30878.56,116,0.29374196796054713,266.1944827586207,23264.52,16255.12,17628.40142857143,4,0,29,9
2017-09-30,12685.49,109,0.3026481449058025,116.38064220183486,30878.56,10513.5,19717.464285714286,5,1,30,9
2017-10-01,18821.27,128,0.27580354875929936,147.041171875,12685.49,13049.75,20027.74857142857,6,1,1,10
2017-10-02,21764.65,142,0.3150427470219674,153.27218309859157,18821.27,17987.1,20852.25142857143,0,0,2,10
2017-10-03,26118.57,198,0.3255173106487841,131.9119696969697,21764.65,21681.9,21391.90142857143,1,0,3,10
2017-10-04,21197.7,157,0.33323913036531655,135.0171974522293,26118.57,20646.920000000002,22025.71142857143,2,0,4,10
2017-10-05,25517.52,140,0.25089409087342945,182.268,21197.7,23264.52,22104.394285714283,3,0,5,10
2017-10-06,17084.670000000002,126,0.2963723561142821,135.59261904761905,25517.52,30878.56,22426.25142857143,4,0,6,10
2017-10-07,15376.02,103,0.26549262544861324,149.28174757281553,17084.670000000002,12685.49,20455.695714285714,5,1,7,10
2017-10-08,16539.010000000002,124,0.3110635313048909,133.37911290322583,15376.02,18821.27,20840.057142857142,6,1,8,10
2017-10-09,30337.79,191,0.3073009854697576,158.83659685863876,16539.010000000002,21764.65,20514.02,0,0,9,10
2017-10-10,28151.13,180,0.35455136932644715,156.39516666666668,30337.79,26118.57,21738.754285714287,1,0,10,10
2017-10-11,22669.37,156,0.29499011871642145,145.31647435897435,28151.13,21197.7,22029.12,2,0,11,10
2017-10-12,18754.23,140,0.2903116188113562,133.9587857142857,22669.37,25517.52,22239.358571428573,3,0,12,10
2017-10-13,22881.19,151,0.2961286046454598,151.531059602649,18754.23,17084.670000000002,21273.174285714285,4,0,13,10
2017-10-14,13528.82,116,0.3730425594370121,116.62775862068965,22881.19,15376.02,22101.248571428576,5,1,14,10
2017-10-15,18751.85,120,0.33529654357593325,156.26541666666665,13528.82,16539.010000000002,21837.362857142853,6,1,15,10
2017-10-16,30580.16,194,0.33357827799091183,157.6296907216495,18751.85,30337.79,22153.482857142855,0,0,16,10
2017-10-17,29675.77,197,0.3214380080482508,150.6384263959391,30580.16,28151.13,22188.10714285714,1,0,17,10
2017-10-18,27257.79,176,0.29832442394207614,154.87380681818183,29675.77,22669.37,22405.91285714286,2,0,18,10
2017-10-19,23223.71,175,0.2758921330915784,132.70691428571428,27257.79,18754.23,23061.40142857143,3,0,19,10
2017-10-20,18626.2,120,0.29398049199330734,155.21833333333333,23223.71,22881.19,23699.89857142857,4,0,20,10
2017-10-21,14982.45,110,0.2855341030330703,136.20409090909092,18626.2,13528.82,23092.042857142857,5,1,21,10
2017-10-22,19786.81,157,0.36420334541482136,126.03063694267517,14982.45,18751.85,23299.704285714284,6,1,22,10
2017-10-23,22278.1,158,0.3312829688694222,141.0006329113924,19786.81,30580.16,23447.555714285718,0,0,23,10
2017-10-24,22071.27,164,0.30773457945113114,134.58091463414635,22278.1,29675.77,22261.547142857144,1,0,24,10
2017-10-25,17507.06,154,0.31531667396022317,113.6822077922078,22071.27,27257.79,21175.190000000002,2,0,25,10
2017-10-26,22573.15,143,0.3742976690948308,157.85419580419583,17507.06,23223.71,19782.22857142857,3,0,26,10
2017-10-27,20377.58,131,0.27664401585355575,155.55404580152674,22573.15,18626.2,19689.29142857143,4,0,27,10
2017-10-28,16483.61,86,0.3441077102692592,191.66988372093024,20377.58,14982.45,19939.488571428574,5,1,28,10
2017-10-29,17267.75,130,0.3351725250045347,132.82884615384614,16483.61,19786.81,20153.94,6,1,29,10
2017-10-30,20221.23,144,0.27871056561650615,140.42520833333333,17267.75,22278.1,19794.074285714283,0,0,30,10
2017-10-31,23813.0,157,0.27649621699285126,151.6751592356688,20221.23,22071.27,19500.235714285718,1,0,31,10
2017-11-01,19383.61,109,0.27754969385536943,177.83128440366974,23813.0,17507.06,19749.054285714286,2,0,1,11
2017-11-02,21263.73,121,0.25704729954165506,175.73330578512397,19383.61,22573.15,20017.132857142857,3,0,2,11
2017-11-03,22844.05,138,0.2688570557369772,165.53659420289856,21263.73,20377.58,19830.07285714286,4,0,3,11
2017-11-04,19169.07,111,0.2871689496410542,172.69432432432433,22844.05,16483.61,20182.425714285713,5,1,4,11
2017-11-05,17327.44,141,0.3754624954847344,122.88964539007091,19169.07,17267.75,20566.062857142857,6,1,5,11
2017-11-06,28600.29,190,0.2950145116994134,150.52784210526318,17327.44,20221.23,20574.59,0,0,6,11
2017-11-07,20829.71,157,0.3587894901370398,132.67331210191082,28600.29,23813.0,21771.59857142857,1,0,7,11
2017-11-08,19240.51,174,0.31930178476539944,110.57764367816091,20829.71,19383.61,21345.414285714283,2,0,8,11
2017-11-09,25053.34,188,0.30571065711163425,133.26244680851065,19240.51,21263.73,21324.971428571425,3,0,9,11
2017-11-10,20223.84,164,0.304713169718551,123.3160975609756,25053.34,22844.05,21866.344285714287,4,0,10,11
2017-11-11,23292.07,155,0.3118286403623235,150.2714193548387,20223.84,19169.07,21492.028571428575,5,1,11,11
2017-11-12,23087.260000000002,172,0.30634917817812496,134.2282558139535,23292.07,17327.44,22081.028571428567,6,1,12,11
2017-11-13,24391.97,202,0.32156565044239266,120.75232673267327,23087.260000000002,28600.29,22903.859999999997,0,0,13,11
2017-11-14,27049.68,189,0.2863785866071392,143.12,24391.97,20829.71,22302.67142857143,1,0,14,11
2017-11-15,23711.29,185,0.2741537091174386,128.16913513513515,27049.68,19240.51,23191.23857142857,2,0,15,11
2017-11-16,28268.82,224,0.2985532926275211,126.20008928571428,23711.29,25053.34,23829.92142857143,3,0,16,11
2017-11-17,29209.07,189,0.2953058698562447,154.54534391534392,28268.82,20223.84,24289.27571428572,4,0,17,11
2017-11-18,23233.3,146,0.3230218600086816,159.13219178082193,29209.07,23292.07,25572.880000000005,5,1,18,11
2017-11-19,19955.56,158,0.3055834241878615,126.30101265822786,23233.3,23087.260000000002,25564.484285714287,6,1,19,11
2017-11-20,44284.47,226,0.26144046696087325,195.94898230088495,19955.56,24391.97,25117.09857142857,0,0,20,11
2017-11-21,34316.64,226,0.29254471337634763,151.84353982300885,44284.47,27049.68,27958.884285714284,1,0,21,11
2017-11-22,24962.57,198,0.3876491898947662,126.07358585858586,34316.64,23711.29,28997.021428571432,2,0,22,11
2017-11-23,44712.88,277,0.2913010068425986,161.4183393501805,24962.57,28268.82,29175.77571428571,3,0,23,11
2017-11-24,152653.74,1166,0.31967780540273255,130.92087478559176,44712.88,29209.07,31524.92714285714,4,0,24,11
2017-11-25,60923.48,498,0.33897726226419567,122.33630522088355,152653.74,23233.3,49159.88,5,1,25,11
2017-11-26,45315.28,388,0.3154886380839684,116.7919587628866,60923.48,19955.56,54544.19142857142,6,1,26,11
2017-11-27,47923.66,400,0.3031169041153086,119.80915,45315.28,44284.47,58167.008571428574,0,0,27,11
2017-11-28,47886.55,376,0.31132480724925893,127.35784574468086,47923.66,34316.64,58686.89285714285,1,0,28,11
2017-11-29,39834.75,319,0.34514759204072554,124.87382445141066,47886.55,24962.57,60625.45142857143,2,0,29,11
2017-11-30,31322.74,264,0.3163779737386787,118.64674242424243,39834.75,44712.88,62750.048571428575,3,0,30,11
2017-12-01,39981.91,274,0.2878719264079246,145.91937956204382,31322.74,152653.74,60837.17142857143,4,0,1,12
2017-12-02,31208.13,214,0.2898551218629733,145.8323831775701,39981.91,60923.48,44741.19571428571,5,1,2,12
2017-12-03,29262.920000000002,231,0.2632493913050103,126.67930735930737,31208.13,45315.28,40496.14571428572,6,1,3,12
2017-12-04,47348.52,331,0.2932566704256228,143.04688821752265,29262.920000000002,47923.66,38202.95142857143,0,0,4,12
2017-12-05,33632.37,275,0.3433721122489959,122.29952727272729,47348.52,47886.55,38120.78857142857,1,0,5,12
2017-12-06,39198.74,273,0.3046384256658324,143.5851282051282,33632.37,39834.75,36084.47714285715,2,0,6,12
2017-12-07,28055.78,226,0.3085158209584093,124.14061946902655,39198.74,31322.74,35993.618571428575,3,0,7,12
2017-12-08,29847.46,215,0.2771070225626219,138.82539534883722,28055.78,39981.91,35526.909999999996,4,0,8,12
2017-12-09,20027.04,155,0.3478588762067938,129.20670967741935,29847.46,31208.13,34079.13142857143,5,1,9,12
2017-12-10,24695.79,187,0.29102696801731764,132.06304812834225,20027.04,29262.920000000002,32481.83285714286,6,1,10,12
2017-12-11,33990.39,267,0.2807434788579345,127.30483146067415,24695.79,47348.52,31829.385714285716,0,0,11,12
2017-12-12,33468.71,258,0.2812558303985657,129.72368217054265,33990.39,33632.37,29921.08142857143,1,0,12,12
2017-12-13,29601.28,218,0.2673124731927434,135.78568807339448,33468.71,39198.74,29897.70142857143,2,0,13,12
2017-12-14,25286.23,199,0.3226866156958516,127.0664824120603,29601.28,28055.78,28526.635714285712,3,0,14,12
2017-12-15,27382.2,192,0.3151249373623495,142.615625,25286.23,29847.46,28130.985714285714,4,0,15,12
2017-12-16,20296.28,131,0.2696934146614891,154.9334351145038,27382.2,20027.04,27778.805714285718,5,1,16,12
2017-12-17,19312.41,133,0.3146266501455719,145.2060902255639,20296.28,24695.79,27817.268571428573,6,1,17,12
2017-12-18,29162.11,208,0.2828454069044638,140.20245192307692,19312.41,33990.39,27048.214285714286,0,0,18,12
2017-12-19,20615.99,174,0.31816786347683634,118.4827011494253,29162.11,33468.71,26358.46,1,0,19,12
2017-12-20,27958.53,171,0.2917673532235707,163.50017543859647,20615.99,29601.28,24522.35714285714,2,0,20,12
2017-12-21,18572.22,143,0.2902941853415327,129.87566433566434,27958.53,25286.23,24287.678571428572,3,0,21,12
2017-12-22,14935.3,110,0.307208285253901,135.77545454545455,18572.22,27382.2,23328.534285714286,4,0,22,12
2017-12-23,12875.05,107,0.32674271474176714,120.32757009345794,14935.3,20296.28,21550.405714285713,5,1,23,12
2017-12-24,5759.01,59,0.3127314701866031,97.61033898305085,12875.05,19312.41,20490.23,6,1,24,12
2017-12-25,10381.34,90,0.32062773324521116,115.34822222222222,5759.01,29162.11,18554.03,0,0,25,12
2017-12-26,20549.43,168,0.29703130832065394,122.31803571428571,10381.34,20615.99,15871.062857142857,1,0,26,12
2017-12-27,17700.4,166,0.31597533493531205,106.62891566265061,20549.43,27958.53,15861.554285714286,2,0,27,12
2017-12-28,15037.49,146,0.30209143088238116,102.99650684931507,17700.4,18572.22,14396.107142857143,3,0,28,12
2017-12-29,16042.720000000001,133,0.29388194513032045,120.62195488721805,15037.49,14935.3,13891.145714285714,4,0,29,12
2017-12-30,13042.65,96,0.2804222844987696,135.8609375,16042.720000000001,12875.05,14049.348571428573,5,1,30,12
2017-12-31,8685.77,74,0.27714253833081287,117.37527027027028,13042.65,5759.01,14073.29142857143,6,1,31,12
2018-01-01,6948.21,73,0.29799716978356855,95.18095890410959,8685.77,10381.34,14491.4,0,0,1,1
2018-01-02,25315.0,203,0.3258536786148562,124.70443349753694,6948.21,20549.43,14000.952857142856,1,0,2,1
2018-01-03,31886.72,222,0.2956553607464651,143.63387387387388,25315.0,17700.4,14681.748571428572,2,0,3,1
2018-01-04,34839.44,255,0.27681956708104233,136.6252549019608,31886.72,15037.49,16708.365714285716,3,0,4,1
2018-01-05,27720.39,209,0.2843738316812695,132.63344497607656,34839.44,16042.720000000001,19537.215714285714,4,0,5,1
2018-01-06,27609.670000000002,215,0.32684843101660016,128.41706976744186,27720.39,13042.65,21205.454285714284,5,1,6,1
2018-01-07,29433.010000000002,195,0.2809081650309047,150.93851282051284,27609.670000000002,8685.77,23286.457142857143,6,1,7,1
2018-01-08,38714.4,292,0.31923344121012814,132.58356164383562,29433.010000000002,6948.21,26250.34857142857,0,0,8,1
2018-01-09,30248.91,251,0.3249879984695343,120.51358565737051,38714.4,25315.0,30788.375714285714,1,0,9,1
2018-01-10,38479.53,277,0.32476757586675764,138.91527075812274,30248.91,31886.72,31493.22,2,0,10,1
2018-01-11,40056.96,264,0.3280974950203539,151.73090909090908,38479.53,34839.44,32435.05,3,0,11,1
2018-01-12,30988.94,239,0.3469121219698886,129.6608368200837,40056.96,27720.39,33180.409999999996,4,0,12,1
2018-01-13,28091.91,216,0.28772578967021567,130.05513888888888,30988.94,27609.670000000002,33647.345714285715,5,1,13,1
2018-01-14,30962.53,232,0.2677107762515582,133.45918103448275,28091.91,29433.010000000002,33716.23714285714,6,1,14,1
2018-01-15,38330.3,305,0.3070092176943737,125.67311475409836,30962.53,38714.4,33934.74,0,0,15,1
2018-01-16,44237.17,301,0.3000017317176032,146.96734219269104,38330.3,30248.91,33879.868571428575,1,0,16,1
2018-01-17,36089.22,282,0.3233347314375575,127.97595744680851,44237.17,38479.53,35878.19142857143,2,0,17,1
2018-01-18,27774.77,238,0.3351596307103992,116.70071428571428,36089.22,40056.96,35536.71857142857,3,0,18,1
2018-01-19,29954.78,232,0.38641158294050815,129.11543103448275,27774.77,30988.94,33782.12,4,0,19,1
2018-01-20,22381.68,184,0.3346660654667271,121.63956521739131,29954.78,28091.91,33634.38285714285,5,1,20,1
2018-01-21,23829.829999999998,194,0.32129987513987246,122.83417525773194,22381.68,30962.53,32818.635714285716,6,1,21,1
2018-01-22,37137.64,310,0.31142966526994526,119.79883870967741,23829.829999999998,38330.3,31799.678571428572,0,0,22,1
2018-01-23,34746.17,262,0.2955107259901502,132.61896946564886,37137.64,44237.17,31629.298571428575,1,0,23,1
2018-01-24,31700.170000000002,243,0.2984877550319638,130.45337448559673,34746.17,36089.22,30273.441428571427,2,0,24,1
2018-01-25,29634.420000000002,232,0.29541890029932194,127.73456896551725,31700.170000000002,27774.77,29646.434285714287,3,0,25,1
2018-01-26,33995.0,228,0.34047943121893776,149.10087719298247,29634.420000000002,29954.78,29912.09857142857,4,0,26,1
2018-01-27,22031.08,153,0.2472703179878593,143.9939869281046,33995.0,22381.68,30489.272857142856,5,1,27,1
2018-01-28,24100.75,155,0.27327529685834195,155.48870967741937,22031.08,23829.829999999998,30439.187142857143,6,1,28,1
2018-01-29,30481.32,246,0.288780257912854,123.90780487804878,24100.75,37137.64,30477.890000000003,0,0,29,1
2018-01-30,29588.85,257,0.34729883590115734,115.13171206225681,30481.32,34746.17,29526.987142857146,1,0,30,1
2018-01-31,32721.59,255,0.2922836861968445,128.31996078431374,29588.85,31700.170000000002,28790.227142857144,2,0,31,1
2018-02-01,30362.15,232,0.3001649512602744,130.87133620689656,32721.59,29634.420000000002,28936.144285714283,3,0,1,2
2018-02-02,27731.6,212,0.3656861175850975,130.80943396226414,30362.15,33995.0,29040.105714285717,4,0,2,2
2018-02-03,23448.66,193,0.3265817770134185,121.49564766839379,27731.6,22031.08,28145.334285714285,5,1,3,2
2018-02-04,23989.79,201,0.3179186472230768,119.35218905472637,23448.66,24100.75,28347.84571428571,6,1,4,2
2018-02-05,37360.84,271,0.3171095538364655,137.86287822878228,23989.79,30481.32,28331.994285714285,0,0,5,2
2018-02-06,34119.38,267,0.2760701527493178,127.78794007490636,37360.84,29588.85,29314.782857142858,1,0,6,2
2018-02-07,31306.23,246,0.3019029455195952,127.26109756097561,34119.38,32721.59,29962.00142857143,2,0,7,2
2018-02-08,27314.73,229,0.29423047606274594,119.27829694323144,31306.23,30362.15,29759.807142857142,3,0,8,2
2018-02-09,30743.07,211,0.2742347028989613,145.70175355450237,27314.73,27731.6,29324.461428571427,4,0,9,2
2018-02-10,21248.16,176,0.29250486730011577,120.72818181818182,30743.07,23448.66,29754.67142857143,5,1,10,2
2018-02-11,22504.98,170,0.32026528777265145,132.38223529411763,21248.16,23989.79,29440.31428571429,6,1,11,2
2018-02-12,23310.73,215,0.3073279918645098,108.422,22504.98,37360.84,29228.19857142857,0,0,12,2
2018-02-13,23638.34,222,0.31677871125675655,106.479009009009,23310.73,34119.38,27221.04,1,0,13,2
2018-02-14,37079.65,294,0.3006739386642183,126.12125850340136,23638.34,31306.23,25723.74857142857,2,0,14,2
2018-02-15,32279.91,281,0.3068836468006138,114.87512455516014,37079.65,27314.73,26548.522857142856,3,0,15,2
2018-02-16,26894.99,212,0.2868711677377743,126.8631603773585,32279.91,30743.07,27257.834285714285,4,0,16,2
2018-02-17,24952.760000000002,202,0.3070241981340408,123.52851485148516,26894.99,21248.16,26708.108571428573,5,1,17,2
2018-02-18,24592.43,202,0.3370922336162399,121.74470297029703,24952.760000000002,22504.98,27237.33714285714,6,1,18,2
2018-02-19,28190.63,259,0.32841496583406704,108.84413127413127,24592.43,23310.73,27535.544285714284,0,0,19,2
2018-02-20,36568.57,288,0.30500791408370215,126.97420138888889,28190.63,23638.34,28232.672857142858,1,0,20,2
2018-02-21,32401.69,265,0.31050977639247307,122.27052830188678,36568.57,37079.65,30079.84857142857,2,0,21,2
2018-02-22,32718.71,278,0.3144352008350461,117.69320143884892,32401.69,32279.91,29411.568571428572,3,0,22,2
2018-02-23,28424.7,235,0.31746105270306935,120.95617021276595,32718.71,26894.99,29474.254285714287,4,0,23,2
2018-02-24,24263.510000000002,190,0.2862616235941557,127.70268421052633,28424.7,24952.760000000002,29692.784285714286,5,1,24,2
2018-02-25,29203.77,237,0.3364945092370318,123.2226582278481,24263.510000000002,24592.43,29594.32,6,1,25,2
2018-02-26,43750.96,296,0.2955245737793773,147.80729729729728,29203.77,28190.63,30253.08285714286,0,0,26,2
2018-02-27,40267.2,298,0.3171508967749854,135.1248322147651,43750.96,36568.57,32475.987142857142,1,0,27,2
2018-02-28,45510.57,312,0.33139380743692265,145.86721153846153,40267.2,32401.69,33004.362857142856,2,0,28,2
2018-03-01,39651.51,275,0.3051546494341582,144.1873090909091,45510.57,32718.71,34877.06,3,0,1,3
2018-03-02,31776.46,265,0.3194849138402314,119.91116981132075,39651.51,28424.7,35867.46,4,0,2,3
2018-03-03,26394.97,212,0.3539148621414044,124.50457547169812,31776.46,24263.510000000002,36346.282857142854,5,1,3,3
2018-03-04,32441.9,235,0.289432946757359,138.05063829787235,26394.97,29203.77,36650.777142857136,6,1,4,3
2018-03-05,38323.07,262,0.3443878176185603,146.27125954198473,32441.9,43750.96,37113.36714285715,0,0,5,3
2018-03-06,39173.99,271,0.33707580402558357,144.55346863468634,38323.07,40267.2,36337.95428571429,1,0,6,3
2018-03-07,36137.89,258,0.344320909483166,140.0693410852713,39173.99,45510.57,36181.78142857143,2,0,7,3
2018-03-08,28156.39,234,0.3697653920496953,120.326452991453,36137.89,39651.51,34842.827142857146,3,0,8,3
2018-03-09,28405.44,203,0.39776443201474626,139.92827586206897,28156.39,31776.46,33200.66714285714,4,0,9,3
2018-03-10,26203.91,192,0.31208250032468793,136.47869791666668,28405.44,26394.97,32719.092857142856,5,1,10,3
2018-03-11,31320.43,218,0.3371330785397003,143.67169724770642,26203.91,32441.9,32691.79857142857,6,1,11,3
2018-03-12,30644.66,232,0.35802296914533127,132.08905172413793,31320.43,38323.07,32531.588571428572,0,0,12,3
2018-03-13,36074.24,227,0.3324497128771221,158.91735682819382,30644.66,39173.99,31434.672857142858,1,0,13,3
2018-03-14,23528.79,198,0.318938595950201,118.83227272727274,36074.24,36137.89,30991.851428571423,2,0,14,3
2018-03-15,44311.46,286,0.32290493382519947,154.9351748251748,23528.79,28156.39,29190.551428571427,3,0,15,3
2018-03-16,32832.19,252,0.3357522234909878,130.28646825396825,44311.46,28405.44,31498.41857142857,4,0,16,3
2018-03-17,20078.5,180,0.33395352006015633,111.54722222222222,32832.19,26203.91,32130.81142857143,5,1,17,3
2018-03-18,31119.33,215,0.281588480805093,144.74106976744187,20078.5,31320.43,31255.75285714286,6,1,18,3
2018-03-19,44645.19,302,0.3274982927889826,147.83175496688742,31119.33,30644.66,31227.024285714288,0,0,19,3
2018-03-20,35749.47,297,0.3899438655256243,120.36858585858586,44645.19,36074.24,33227.1,1,0,20,3
2018-03-21,39714.43,285,0.33648844133435135,139.34887719298246,35749.47,23528.79,33180.70428571429,2,0,21,3
2018-03-22,31119.41,254,0.3193398074512337,122.5173622047244,39714.43,44311.46,35492.938571428575,3,0,22,3
2018-03-23,29621.239999999998,219,0.32823506696681104,135.25680365296802,31119.41,32832.19,33608.36,4,0,23,3
2018-03-24,23787.77,165,0.36347051618125803,144.16830303030304,29621.239999999998,20078.5,33149.65285714286,5,1,24,3
2018-03-25,25557.29,190,0.3333569042700373,134.51205263157894,23787.77,31119.33,33679.548571428575,6,1,25,3
2018-03-26,35779.01,271,0.315445782012278,132.0258671586716,25557.29,44645.19,32884.97142857143,0,0,26,3
2018-03-27,34732.56,245,0.30621391945523896,141.76555102040817,35779.01,35749.47,31618.374285714286,1,0,27,3
2018-03-28,29713.34,219,0.2805521276961984,135.67735159817352,34732.56,39714.43,31473.101428571426,2,0,28,3
2018-03-29,28926.73,194,0.31262175978211915,149.1068556701031,29713.34,31119.41,30044.374285714286,3,0,29,3
2018-03-30,22088.14,165,0.35252872602673435,133.86751515151514,28926.73,29621.239999999998,29731.134285714284,4,0,30,3
2018-03-31,25203.73,167,0.2870890320778843,150.92053892215569,22088.14,23787.77,28654.977142857148,5,1,31,3
2018-04-01,29396.66,207,0.3179295450424784,142.0128502415459,25203.73,25557.29,28857.257142857143,6,1,1,4
2018-04-02,40279.1,281,0.30778116564426156,143.34199288256227,29396.66,35779.01,29405.738571428574,0,0,2,4
2018-04-03,36246.51,246,0.32113785145083784,147.34353658536585,40279.1,34732.56,30048.608571428573,1,0,3,4
2018-04-04,37982.73,257,0.28745390376885643,147.79272373540857,36246.51,29713.34,30264.887142857147,2,0,4,4
2018-04-05,36058.79,266,0.3194876660716126,135.55936090225563,37982.73,28926.73,31446.22857142857,3,0,5,4
2018-04-06,27784.74,189,0.32136509933463864,147.00920634920635,36058.79,22088.14,32465.094285714287,4,0,6,4
2018-04-07,25517.38,164,0.3001439923796351,155.59378048780488,27784.74,25203.73,33278.89428571429,5,1,7,4
2018-04-08,23463.85,185,0.36545637710468404,126.83162162162161,25517.38,29396.66,33323.70142857143,6,1,8,4
2018-04-09,49308.73,253,0.3304755650686554,194.89616600790515,23463.85,40279.1,32476.157142857144,0,0,9,4
2018-04-10,27870.56,201,0.3559765291974486,138.6595024875622,49308.73,36246.51,33766.10428571429,1,0,10,4
2018-04-11,40782.96,274,0.3345143544378977,148.8429197080292,27870.56,37982.73,32569.540000000005,2,0,11,4
2018-04-12,34117.58,255,0.34172868264526707,133.794431372549,40782.96,36058.79,32969.572857142855,3,0,12,4
2018-04-13,31150.36,202,0.3118257794443673,154.20970297029703,34117.58,27784.74,32692.257142857143,4,0,13,4
2018-04-14,18845.7,146,0.3482397931104442,129.08013698630137,31150.36,25517.38,33173.060000000005,5,1,14,4
2018-04-15,30524.04,223,0.3277234648450235,136.87910313901347,18845.7,23463.85,32219.96285714286,6,1,15,4
2018-04-16,40412.26,280,0.3177379538003902,144.3295,30524.04,49308.73,33228.561428571425,0,0,16,4
2018-04-17,36682.97,265,0.3156807369909254,138.42630188679246,40412.26,27870.56,31957.63714285714,1,0,17,4
2018-04-18,39472.71,280,0.3027881358309149,140.9739642857143,36682.97,40782.96,33216.55285714286,2,0,18,4
2018-04-19,43287.21,292,0.3261045848728901,148.24386986301369,39472.71,34117.58,33029.374285714286,3,0,19,4
2018-04-20,28353.84,196,0.3050967466021891,144.66244897959183,43287.21,31150.36,34339.32142857143,4,0,20,4
2018-04-21,18966.34,156,0.3079486306906019,121.57910256410257,28353.84,18845.7,33939.81857142857,5,1,21,4
2018-04-22,27350.9,200,0.31263230497570316,136.7545,18966.34,30524.04,33957.05285714286,6,1,22,4
2018-04-23,37674.27,285,0.34846536610789514,132.19042105263156,27350.9,40412.26,33503.747142857144,0,0,23,4
2018-04-24,43083.77,271,0.42833675118466674,158.98070110701107,37674.27,36682.97,33112.60571428571,1,0,24,4
2018-04-25,40995.02,284,0.2673951136347023,144.34866197183098,43083.77,39472.71,34027.00571428571,2,0,25,4
2018-04-26,31631.36,254,0.25339777389599627,124.53291338582677,40995.02,43287.21,34244.478571428575,3,0,26,4
2018-04-27,40752.54,242,0.38695631475405295,168.39892561983473,31631.36,28353.84,32579.35714285714,4,0,27,4
2018-04-28,23560.56,169,0.3215507170040035,139.4115976331361,40752.54,18966.34,34350.6,5,1,28,4
2018-04-29,19411.7,171,0.32615866797955617,113.5187134502924,23560.56,27350.9,35006.91714285714,6,1,29,4
2018-04-30,35682.61,240,0.2814924899060102,148.67754166666666,19411.7,37674.27,33872.74571428572,0,0,30,4
2018-05-01,33163.8,255,0.2937231319211416,130.05411764705883,35682.61,43083.77,33588.22285714286,1,0,1,5
2018-05-02,38557.72,295,0.3023970280302217,130.70413559322034,33163.8,40995.02,32171.084285714285,2,0,2,5
2018-05-03,42497.77,304,0.3266860178064968,139.79529605263156,38557.72,31631.36,31822.898571428574,3,0,3,5
2018-05-04,39730.93,265,0.2636569065168221,149.92803773584905,42497.77,40752.54,33375.24285714286,4,0,4,5
2018-05-05,28306.45,197,0.2709723416732772,143.68756345177664,39730.93,23560.56,33229.29857142857,5,1,5,5
2018-05-06,28565.97,210,0.2818512136178739,136.02842857142858,28306.45,19411.7,33907.28285714286,6,1,6,5
2018-05-07,54167.48,371,0.30899956677496476,146.00398921832885,28565.97,35682.61,35215.03571428572,0,0,7,5
2018-05-08,47800.69,327,0.27667330367358806,146.17948012232418,54167.48,33163.8,37855.73142857143,1,0,8,5
2018-05-09,43589.12,342,0.2782112653228558,127.45356725146199,47800.69,38557.72,39946.71571428572,2,0,9,5
2018-05-10,51458.67,279,0.33045096304537624,184.43967741935484,43589.12,42497.77,40665.48714285714,3,0,10,5
2018-05-11,37859.19,246,0.2864962426181381,153.89914634146342,51458.67,39730.93,41945.61571428571,4,0,11,5
2018-05-12,29604.14,204,0.3708048741969535,145.11833333333334,37859.19,28306.45,41678.224285714285,5,1,12,5
2018-05-13,31313.52,206,0.3463679136601105,152.0073786407767,29604.14,28565.97,41863.60857142857,6,1,13,5
2018-05-14,53842.38,364,0.31003733420036533,147.91862637362635,31313.52,54167.48,42256.11571428572,0,0,14,5
2018-05-15,41119.85,352,0.31472106869498195,116.81775568181818,53842.38,47800.69,42209.672857142854,1,0,15,5
2018-05-16,56283.73,357,0.2876322787688482,157.65750700280114,41119.85,43589.12,41255.26714285714,2,0,16,5
2018-05-17,31488.47,227,0.3020934190575757,138.7157268722467,56283.73,51458.67,43068.782857142854,3,0,17,5
2018-05-18,31621.52,236,0.29744136251098957,133.98949152542374,31488.47,37859.19,40215.897142857146,4,0,18,5
2018-05-19,25201.29,139,0.3310835120603708,181.30424460431655,31621.52,29604.14,39324.80142857142,5,1,19,5
2018-05-20,19586.54,161,0.3035761696317179,121.65552795031057,25201.29,31313.52,38695.822857142855,6,1,20,5
2018-05-21,25404.06,204,0.3052896900161392,124.52970588235294,19586.54,53842.38,37020.54,0,0,21,5
2018-05-22,27793.91,199,0.2715358144361924,139.66788944723618,25404.06,41119.85,32957.92285714286,1,0,22,5
2018-05-23,17501.05,132,0.3338280425772755,132.5837121212121,27793.91,56283.73,31054.217142857142,2,0,23,5
2018-05-24,20073.26,114,0.27616132695783546,176.08122807017543,17501.05,31488.47,25513.834285714285,3,0,24,5
2018-05-25,15888.92,103,0.32085999593665854,154.26135922330099,20073.26,31621.52,23883.089999999997,4,0,25,5
2018-05-26,14799.17,99,0.24331103818953112,149.48656565656566,15888.92,25201.29,21635.575714285715,5,1,26,5
2018-05-27,12523.25,100,0.40456830417017375,125.2325,14799.17,19586.54,20149.558571428573,6,1,27,5
2018-05-28,26877.47,143,0.25856404357638857,187.95433566433567,12523.25,25404.06,19140.51714285714,0,0,28,5
2018-05-29,25572.08,149,0.3181432338204943,171.6246979865772,26877.47,27793.91,19351.004285714287,1,0,29,5
2018-05-30,19214.0,140,0.28979173809891656,137.24285714285713,25572.08,17501.05,19033.600000000002,2,0,30,5
2018-05-31,25111.28,133,0.30733537033795594,188.80661654135338,19214.0,20073.26,19278.307142857146,3,0,31,5
2018-06-01,32298.92,184,0.30873253520537874,175.53760869565215,25111.28,15888.92,19998.024285714284,4,0,1,6
2018-06-02,25266.62,142,0.28598241380566114,177.93394366197182,32298.92,14799.17,22342.309999999998,5,1,2,6
2018-06-03,28461.66,191,0.30150756553980096,149.01392670157068,25266.62,12523.25,23837.660000000003,6,1,3,6
2018-06-04,28622.4,225,0.353435237885389,127.21066666666667,28461.66,26877.47,26114.57571428571,0,0,4,6
2018-06-05,30709.36,197,0.3324586649820527,155.885076142132,28622.4,25572.08,26363.85142857143,1,0,5,6
2018-06-06,26134.4,227,0.4793037082619193,115.12951541850221,30709.36,19214.0,27097.74857142857,2,0,6,6
2018-06-07,37020.4,223,0.29967136159201946,166.01076233183858,26134.4,25111.28,28086.377142857145,3,0,7,6
2018-06-08,26870.41,198,0.4395155290521476,135.7091414141414,37020.4,32298.92,29787.68,4,0,8,6
2018-06-09,29325.079999999998,172,0.3160861524619851,170.4946511627907,26870.41,25266.62,29012.178571428576,5,1,9,6
2018-06-10,25501.97,193,0.351933326938825,132.13455958549224,29325.079999999998,28461.66,29591.95857142857,6,1,10,6
2018-06-11,49669.7,294,0.3624573681967051,168.94455782312923,25501.97,28622.4,29169.145714285714,0,0,11,6
2018-06-12,40369.0,246,0.3397169326341129,164.10162601626016,49669.7,30709.36,32175.902857142857,1,0,12,6
2018-06-13,34616.96,259,0.35162869019434523,133.65621621621622,40369.0,26134.4,33555.851428571434,2,0,13,6
2018-06-14,27504.6,212,0.28891662715587924,129.738679245283,34616.96,37020.4,34767.64571428571,3,0,14,6
2018-06-15,26617.56,186,0.43224071661771535,143.1051612903226,27504.6,26870.41,33408.24571428571,4,0,15,6
2018-06-16,24616.05,165,0.3398093701904933,149.18818181818182,26617.56,29325.079999999998,33372.124285714286,5,1,16,6
2018-06-17,17316.33,152,0.3350931787768844,113.92322368421054,24616.05,25501.97,32699.405714285713,6,1,17,6
2018-06-18,34718.3,246,0.3333376472380099,141.13130081300815,17316.33,49669.7,31530.028571428575,0,0,18,6
2018-06-19,34630.33,231,0.2959505380119211,149.9148484848485,34718.3,40369.0,29394.114285714284,1,0,19,6
2018-06-20,28793.99,217,0.33834404404600277,132.69119815668205,34630.33,34616.96,28574.304285714286,2,0,20,6
2018-06-21,27703.58,234,0.3557416943156545,118.39136752136753,28793.99,27504.6,27742.45142857143,3,0,21,6
2018-06-22,24807.27,179,0.3825854939370686,138.58810055865922,27703.58,26617.56,27770.87714285714,4,0,22,6
2018-06-23,17501.92,151,0.3847872759881806,115.9067549668874,24807.27,24616.05,27512.264285714286,5,1,23,6
2018-06-24,24432.6,199,0.3316726731394694,122.77688442211054,17501.92,17316.33,26495.96,6,1,24,6
2018-06-25,36135.52,240,0.32283148870455314,150.56466666666665,24432.6,34718.3,27512.570000000003,0,0,25,6
2018-06-26,30957.57,242,0.33472255063914086,127.92384297520661,36135.52,34630.33,27715.03,1,0,26,6
2018-06-27,26496.48,214,0.40797109801101683,123.81532710280374,30957.57,28793.99,27190.350000000002,2,0,27,6
2018-06-28,32171.97,243,0.3416057238227974,132.39493827160496,26496.48,27703.58,26862.134285714284,3,0,28,6
2018-06-29,20473.48,174,0.3876343651321643,117.66367816091953,32171.97,24807.27,27500.475714285716,4,0,29,6
2018-06-30,15379.880000000001,124,0.38682820832642006,124.03129032258066,20473.48,17501.92,26881.362857142853,5,1,30,6
2018-07-01,24369.47,161,0.36747086063920553,151.36316770186338,15379.880000000001,24432.6,26578.214285714286,6,1,1,7
2018-07-02,23158.62,195,0.37299197400955064,118.76215384615384,24369.47,36135.52,26569.195714285714,0,0,2,7
2018-07-03,26307.31,216,0.33753241307845405,121.79310185185186,23158.62,30957.57,24715.352857142858,1,0,3,7
2018-07-04,35651.65,256,0.30241979118613405,139.2642578125,26307.31,26496.48,24051.03,2,0,4,7
2018-07-05,28809.33,195,0.30061654311400243,147.74015384615385,35651.65,32171.97,25358.911428571428,3,0,5,7
2018-07-06,19005.54,121,0.27735789034417097,157.0705785123967,28809.33,20473.48,24878.534285714286,4,0,6,7
2018-07-07,9076.56,91,0.4283748415564713,99.74241758241757,19005.54,15379.880000000001,24668.828571428574,5,1,7,7
2018-07-08,14410.79,122,0.45637983746370103,118.12122950819673,9076.56,24369.47,23768.354285714286,6,1,8,7
2018-07-09,19564.85,148,0.29272904839093017,132.1949324324324,14410.79,23158.62,22345.685714285715,0,0,9,7
2018-07-10,18724.57,132,0.3472091753140043,141.85280303030302,19564.85,26307.31,21832.29,1,0,10,7
2018-07-11,18519.98,127,0.32201981764682897,145.82661417322834,18724.57,35651.65,20749.041428571425,2,0,11,7
2018-07-12,28891.77,121,0.2947249609937261,238.77495867768596,18519.98,28809.33,18301.66,3,0,12,7
2018-07-13,27644.23,167,0.3398474351082095,165.5343113772455,28891.77,19005.54,18313.437142857143,4,0,13,7
2018-07-14,22257.69,148,0.37625985691904956,150.3897972972973,27644.23,9076.56,19547.535714285714,5,1,14,7
2018-07-15,30037.49,152,0.31790910456715754,197.6150657894737,22257.69,14410.79,21430.554285714286,6,1,15,7
2018-07-16,31308.29,245,0.34284112318274207,127.7889387755102,30037.49,19564.85,23662.94,0,0,16,7
2018-07-17,30421.48,221,0.41112442053307247,137.6537556561086,31308.29,18724.57,25340.574285714287,1,0,17,7
2018-07-18,41193.49,305,0.36747577243624924,135.06062295081966,30421.48,18519.98,27011.56142857143,2,0,18,7
2018-07-19,38705.58,253,0.2887500206529066,152.98648221343873,41193.49,28891.77,30250.634285714284,3,0,19,7
2018-07-20,32031.44,249,0.3601240919379911,128.64032128514054,38705.58,27644.23,31652.60714285714,4,0,20,7
2018-07-21,21113.579999999998,187,0.3478065848038133,112.90684491978608,32031.44,22257.69,32279.351428571426,5,1,21,7
2018-07-22,27753.420000000002,215,0.3223033013427648,129.08567441860467,21113.579999999998,30037.49,32115.907142857144,6,1,22,7
2018-07-23,39911.22,305,0.34677299023715924,130.85645901639344,27753.420000000002,31308.29,31789.61142857143,0,0,23,7
2018-07-24,41525.76,270,0.34347986973938543,153.79911111111113,39911.22,30421.48,33018.60142857143,1,0,24,7
2018-07-25,40417.5,268,0.35419546304071464,150.8115671641791,41525.76,41193.49,34604.927142857145,2,0,25,7
2018-07-26,35292.72,247,0.33437234226792306,142.8855060728745,40417.5,38705.58,34494.07142857143,3,0,26,7
2018-07-27,28371.75,189,0.3394743223089634,150.11507936507937,35292.72,32031.44,34006.520000000004,4,0,27,7
2018-07-28,25210.12,175,0.3827111965156048,144.05782857142856,28371.75,21113.579999999998,33483.70714285714,5,1,28,7
2018-07-29,31434.079999999998,188,0.3091438772339504,167.20255319148936,25210.12,27753.420000000002,34068.927142857145,6,1,29,7
2018-07-30,39070.66,284,0.2916875661354321,137.57274647887326,31434.079999999998,39911.22,34594.735714285714,0,0,30,7
2018-07-31,45316.28,320,0.33948449830655125,141.613375,39070.66,41525.76,34474.65571428571,1,0,31,7
2018-08-01,40553.8,310,0.3270362543443062,130.81870967741938,45316.28,40417.5,35016.15857142857,2,0,1,8
2018-08-02,38462.26,299,0.33406831382514796,128.63632107023412,40553.8,35292.72,35035.63,3,0,2,8
2018-08-03,42075.18,314,0.31956093170305944,133.99738853503186,38462.26,28371.75,35488.42142857143,4,0,3,8
2018-08-04,35511.96,245,0.3195276002858851,144.94677551020408,42075.18,25210.12,37446.05428571429,5,1,4,8
2018-08-05,35583.76,276,0.3134247300588706,128.92666666666668,35511.96,31434.079999999998,38917.74571428571,6,1,5,8
2018-08-06,56427.39,372,0.3091979981204853,151.68653225806452,35583.76,39070.66,39510.55714285715,0,0,6,8
2018-08-07,49178.98,366,0.30779281525493896,134.36879781420765,56427.39,45316.28,41990.090000000004,1,0,7,8
2018-08-08,43333.07,315,0.3092579290029163,137.56530158730158,49178.98,40553.8,42541.904285714285,2,0,8,8
2018-08-09,40040.28,283,0.3319523595237365,141.4850883392226,43333.07,38462.26,42938.94285714285,3,0,9,8
2018-08-10,33424.73,253,0.32694940783543247,132.11355731225296,40040.28,42075.18,43164.374285714286,4,0,10,8
2018-08-11,25960.93,186,0.31432329172439716,139.57489247311827,33424.73,35511.96,41928.595714285715,5,1,11,8
2018-08-12,31524.21,197,0.30832490198363527,160.02137055837562,25960.93,35583.76,40564.16285714286,6,1,12,8
2018-08-13,38613.13,288,0.3069174739705927,134.07336805555553,31524.21,56427.39,39984.22714285714,0,0,13,8
2018-08-14,44192.84,315,0.32856836070965917,140.29473015873015,38613.13,49178.98,37439.33285714286,1,0,14,8
2018-08-15,45574.04,285,0.3164297525692382,159.90891228070177,44192.84,43333.07,36727.02714285714,2,0,15,8
2018-08-16,35670.61,318,0.32700954193021675,112.17172955974843,45574.04,40040.28,37047.16571428571,3,0,16,8
2018-08-17,31730.67,255,0.33366798457140484,124.434,35670.61,33424.73,36422.927142857145,4,0,17,8
2018-08-18,24340.95,196,0.31582057381357354,124.18852040816327,31730.67,25960.93,36180.91857142857,5,1,18,8
2018-08-19,25487.39,204,0.3345397918257573,124.9381862745098,24340.95,31524.21,35949.49285714285,6,1,19,8
2018-08-20,34479.5,252,0.2842164559568058,136.8234126984127,25487.39,38613.13,35087.090000000004,0,0,20,8
2018-08-21,26323.06,239,0.2971083446045899,110.13832635983265,34479.5,44192.84,34496.57142857143,1,0,21,8
2018-08-22,20297.13,186,0.35318179359326823,109.12435483870968,26323.06,45574.04,31943.745714285713,2,0,22,8
2018-08-23,17030.87,142,0.31115244942624326,119.93570422535211,20297.13,35670.61,28332.75857142857,3,0,23,8
2018-08-24,9633.61,98,0.336468895596296,98.30214285714287,17030.87,31730.67,25669.93857142857,4,0,24,8
2018-08-25,10599.41,69,0.34132779239082,153.61463768115942,9633.61,24340.95,22513.215714285714,5,1,25,8
2018-08-26,8070.71,73,0.3453837209559261,110.55767123287671,10599.41,25487.39,20550.13857142857,6,1,26,8
2018-08-27,5345.91,66,0.2408640051092847,80.99863636363636,8070.71,34479.5,18062.04142857143,0,0,27,8
2018-08-28,3673.91,39,0.2635323384255226,94.20282051282051,5345.91,26323.06,13900.1,1,0,28,8
2018-08-29,1546.04,11,0.20140747203218917,140.5490909090909,3673.91,20297.13,10664.507142857143,2,0,29,8
2018-09-03,145.0,1,0.148,145.0,1546.04,17030.87,7985.78,0,0,3,9
