Daily_AOV,Avg_Freight_Ratio,Sales_Lag_1,Sales_Lag_7,Rolling_Mean_7d,DayOfWeek,Is_Weekend,DayOfMonth,Month
162.45938775510206,0.28945583523847146,8343.25,72.89,2730.721428571429,3,0,6,10
160.62333333333333,0.23040673007977974,7960.51,59.5,3857.524285714286,4,0,7,10
211.04625000000001,0.2662272051457698,7228.05,134.97,4881.602857142857,5,1,8,10
128.34576923076924,0.34796772441659324,8441.85,100.0,6068.300000000001,6,1,9,10
99.79918918918919,0.40191595021891474,3336.9900000000002,463.48,6530.727142857143,0,0,10,10
10.9,0.8,3692.57,9940.960000000001,6992.025714285715,4,0,23,12
12.403125,0.9322605768459282,10.9,8343.25,5573.4457142857145,3,0,5,1
229.095,0.3311502443947922,396.9,7960.51,4438.2528571428575,4,0,6,1
337.975,0.12933703329370397,916.38,7228.05,3431.948571428572,5,1,7,1
118.26333333333334,0.3321228310346273,1351.9,8441.85,2592.4985714285717,6,1,8,1
134.75799999999998,0.3876160865494998,709.58,3336.9900000000002,1487.8885714285716,0,0,9,1
239.14499999999998,0.19332032423799117,673.79,3692.57,1107.4314285714286,1,0,10,1
231.34666666666666,0.2692807418725188,1434.87,10.9,784.9028571428571,2,0,11,1
171.89076923076922,0.30616433800788817,2776.16,396.9,1179.94,3,0,12,1
227.78,0.15191795909188602,2234.58,916.38,1442.465714285714,4,0,13,1
61.81611111111111,0.4030717966365607,2505.58,1351.9,1669.4942857142855,5,1,14,1
157.11214285714286,0.3791013776724984,1112.69,709.58,1635.3214285714282,6,1,15,1
174.10105263157894,0.2838333455597224,2199.57,673.79,1848.1771428571426,0,0,16,1
103.20406249999999,0.30440106616407003,3307.92,1434.87,2224.4814285714283,1,0,17,1
122.19272727272728,0.38274690097946606,3302.5299999999997,2776.16,2491.29,2,0,18,1
122.55,0.3602563665267547,4032.36,2234.58,2670.747142857143,3,0,19,1
144.1367857142857,0.3161195451963744,3553.95,2505.58,2859.2285714285713,4,0,20,1
102.44166666666666,0.4234587781326794,4035.83,1112.69,3077.8357142857144,5,1,21,1
120.64233333333333,0.2865977264283074,2458.6,2199.57,3270.1085714285714,6,1,22,1
168.75564102564104,0.3748515998363416,3619.27,3307.92,3472.922857142857,0,0,23,1
148.87925,0.24243034507018232,6581.47,3302.5299999999997,3940.5728571428576,1,0,24,1
144.7940322580645,0.30112201818202167,5955.17,4032.36,4319.521428571429,2,0,25,1
154.796,0.36237055381459177,8977.23,3553.95,5025.931428571429,3,0,26,1
187.4254098360656,0.31673433488924796,13157.66,4035.83,6397.889999999999,4,0,27,1
179.69,0.4275200280484387,11432.95,2458.6,7454.621428571429,5,1,28,1
184.50457142857144,0.19827639164939287,5211.01,3619.27,7847.822857142857,6,1,29,1
211.78686274509806,0.23315056070396467,6457.66,6581.47,8253.307142857144,0,0,30,1
165.91238805970147,0.3081358993060841,10801.130000000001,5955.17,8856.115714285716,1,0,31,1
122.68283582089552,0.3247337877167691,11116.13,8977.23,9593.395714285713,2,0,1,2
131.14176470588234,0.35308513031304994,8219.75,13157.66,9485.184285714287,3,0,2,2
178.66210526315788,0.3236939461320263,8917.64,11432.95,8879.467142857142,4,0,3,2
211.63878787878787,0.24020407366774282,10183.74,5211.01,8701.00857142857,5,1,4,2
113.38386666666668,0.3292414440870131,13968.16,6457.66,9952.029999999999,6,1,5,2
117.77086419753087,0.3644059296911449,8503.79,10801.130000000001,10244.334285714285,0,0,6,2
127.41873873873874,0.2955990587532346,9539.44,11116.13,10064.092857142856,1,0,7,2
132.86966666666666,0.36184512336241814,14143.48,8219.75,10496.57142857143,2,0,8,2
119.35441558441559,0.31490150721448107,11958.27,8917.64,11030.645714285714,3,0,9,2
215.49454545454546,0.2751465158042106,9190.29,10183.74,11069.595714285713,4,0,10,2
95.72355555555556,0.4132972645480435,14222.64,13968.16,11646.581428571428,5,1,11,2
240.09761904761905,0.3044336667494158,4307.56,8503.79,10266.495714285715,6,1,12,2
141.90986842105264,0.3917242246786495,15126.15,9539.44,11212.547142857144,0,0,13,2
178.79028169014086,0.3160029708511285,10785.15,14143.48,11390.505714285713,1,0,14,2
112.83583333333333,0.31771026477556097,12694.11,11958.27,11183.452857142856,2,0,15,2
122.0776923076923,0.2990238053422642,6770.15,9190.29,10442.292857142855,3,0,16,2
151.1391111111111,0.29028123200473566,6348.04,14222.64,10036.257142857143,4,0,17,2
140.33326923076922,0.3587429138670567,6801.26,4307.56,8976.060000000001,5,1,18,2
94.9475,0.35239313692714846,7297.33,15126.15,9403.17,6,1,19,2
125.05238095238096,0.38427168396845257,3797.9,10785.15,7784.848571428572,0,0,20,2
202.08878048780485,0.39320484459504484,7878.3,12694.11,7369.584285714286,1,0,21,2
131.6893442622951,0.4148605802357548,8285.64,6770.15,6739.802857142858,2,0,22,2
117.64101694915254,0.33927518896406594,8033.05,6348.04,6920.217142857143,3,0,23,2
107.7775806451613,0.37307387964995437,6940.82,6801.26,7004.9,4,0,24,2
99.91880952380953,0.32150399585961154,6682.21,7297.33,6987.892857142857,5,1,25,2
121.03733333333334,0.5746498770745652,4196.59,3797.9,6544.93,6,1,26,2
135.90976744186045,0.6026511204990453,5446.68,7878.3,6780.47,0,0,27,2
204.01381818181818,0.3146817422045127,5844.12,8285.64,6489.872857142857,1,0,28,2
132.1622105263158,0.3441486093977561,11220.76,8033.05,6909.175714285714,2,0,1,3
167.30882352941177,0.33042169061493465,12555.41,6940.82,7555.227142857143,3,0,2,3
171.72833333333335,0.3024717787889707,11377.0,6682.21,8188.967142857144,4,0,3,3
164.39623376623376,0.31889965798255077,12364.44,4196.59,9000.714285714286,5,1,4,3
96.59194444444444,0.46785102151118724,12658.51,5446.68,10209.56,6,1,5,3
104.41050505050505,0.37004078074180713,6954.62,5844.12,10424.98,0,0,6,3
146.71012345679014,0.34127116612974095,10336.64,11220.76,11066.768571428573,1,0,7,3
187.33923076923077,0.28128473117785774,11883.52,12555.41,11161.448571428571,2,0,8,3
127.23413043478261,0.33097854515779973,14612.46,11377.0,11455.312857142857,3,0,9,3
140.44170454545454,0.3554484783012685,11705.54,12364.44,11502.247142857143,4,0,10,3
152.8587323943662,0.35124651682180996,12358.87,12658.51,11501.451428571429,5,1,11,3
103.315,0.37257981608008767,10852.97,6954.62,11243.517142857143,6,1,12,3
152.77522522522523,0.2661040500120737,6612.16,10336.64,11194.594285714284,0,0,13,3
143.87535353535353,0.2874652738816724,16958.05,11883.52,12140.509999999998,1,0,14,3
140.18065420560748,0.3279454107042781,14243.66,14612.46,12477.672857142858,2,0,15,3
138.54155339805826,0.3186239894368935,14999.33,11705.54,12532.94,3,0,16,3
184.16,0.3021954402521805,14269.78,12358.87,12899.26,4,0,17,3
225.12082191780823,0.27853896718926047,11970.4,10852.97,12843.764285714284,5,1,18,3
118.73821428571429,0.2279722826290744,16433.82,6612.16,13641.028571428573,6,1,19,3
147.38353448275865,0.28839180428346933,6649.34,16958.05,13646.34,0,0,20,3
122.0336559139785,0.3410831180161089,17096.49,14243.66,13666.117142857143,1,0,21,3
135.13304761904763,0.3579202995649815,11349.130000000001,14999.33,13252.612857142856,2,0,22,3
147.52747747747748,0.336413567551645,14188.970000000001,14269.78,13136.847142857141,3,0,23,3
132.1801298701299,0.3562380315497986,16375.55,11970.4,13437.671428571428,4,0,24,3
125.64053333333335,0.3790329911271626,10177.87,16433.82,13181.595714285713,5,1,25,3
98.76484375,0.336389527934924,9423.04,6649.34,12180.055714285716,6,1,26,3
150.06394495412843,0.32218099067834843,6320.95,17096.49,12133.142857142857,0,0,27,3
121.305,0.35900675735898746,16356.97,11349.130000000001,12027.497142857144,1,0,28,3
117.03432432432433,0.39568087588635975,12373.11,14188.970000000001,12173.78,2,0,29,3
135.48108108108107,0.3350894250893064,8660.54,16375.55,11384.004285714285,3,0,30,3
174.27942857142855,0.33044495889574804,10025.6,10177.87,10476.868571428571,4,0,31,3
264.1398507462686,0.3019059127171285,12199.56,9423.04,10765.68142857143,5,1,1,4
140.45969230769234,0.2742429549401996,17697.37,6320.95,11947.728571428572,6,1,2,4
127.17722222222223,0.38727363575465285,9129.880000000001,16356.97,12349.004285714285,0,0,3,4
128.1421875,0.2844624566210871,9156.76,12373.11,11320.402857142855,1,0,4,4
196.905625,0.27560065825218466,12301.65,8660.54,11310.194285714284,2,0,5,4
243.88305263157895,0.3254009309743929,18902.94,10025.6,12773.394285714285,3,0,6,4
156.47823529411764,0.3299458816726916,23168.89,12199.56,14651.007142857141,4,0,7,4
133.10742424242426,0.3258013018719743,13300.65,17697.37,14808.305714285714,5,1,8,4
112.6390410958904,0.3969170496761657,8785.09,9129.880000000001,13535.122857142856,6,1,9,4
134.85413793103447,0.33301976838495584,8222.65,9156.76,13405.51857142857,0,0,10,4
107.74688311688313,0.3344162668713305,11732.31,12301.65,13773.454285714284,1,0,11,4
130.3047619047619,0.31188295172957414,8296.51,18902.94,13201.29142857143,2,0,12,4
161.52383333333333,0.30978238608639425,8209.2,23168.89,11673.614285714286,3,0,13,4
154.12566037735849,0.3760117412407988,9691.43,13300.65,9748.262857142856,4,0,14,4
160.26807692307693,0.34831560213551943,8168.66,8785.09,9015.121428571429,5,1,15,4
111.3461224489796,0.3661964938271325,8333.94,8222.65,8950.671428571428,6,1,16,4
144.87184615384615,0.2902025183521065,5455.96,11732.31,8555.43,0,0,17,4
299.8129577464789,0.2821584974821128,9416.67,8296.51,8224.624285714284,1,0,18,4
124.7779381443299,0.27505557695970134,21286.72,8209.2,10080.368571428571,2,0,19,4
139.30354166666666,0.37052072058241414,12103.46,9691.43,10636.691428571428,3,0,20,4
124.3780882352941,0.36497718866269346,13373.14,8168.66,11162.65,4,0,21,4
154.94192771084337,0.31680846238239635,8457.71,8333.94,11203.942857142856,5,1,22,4
116.73197674418606,0.2918035091340993,12860.18,5455.96,11850.548571428571,6,1,23,4
131.73939130434783,0.3119974542847862,10038.95,9416.67,12505.261428571428,0,0,24,4
132.17783783783784,0.3341015963791616,15150.03,21286.72,13324.312857142857,1,0,25,4
127.358,0.34648954802963294,14671.74,12103.46,12379.315714285714,2,0,26,4
130.3887341772152,0.44609442741433825,15919.75,13373.14,12924.5,3,0,27,4
161.12744897959183,0.3075846489106916,10300.710000000001,8457.71,12485.581428571428,4,0,28,4
163.1867123287671,0.2989816538879747,15790.49,12860.18,13533.121428571429,5,1,29,4
118.98764705882353,0.29375065596818606,11912.63,10038.95,13397.757142857143,6,1,30,4
108.45060344827587,0.3812989240216658,8091.16,15150.03,13119.501428571428,0,0,1,5
141.1216,0.30566174296578275,12580.27,14671.74,12752.392857142857,1,0,2,5
98.5643137254902,0.33514772163572687,17640.2,15919.75,13176.45857142857,2,0,3,5
125.07916666666667,0.2964036874542768,10053.56,10300.710000000001,12338.43142857143,3,0,4,5
126.99781818181819,0.3601259494702989,13508.55,15790.49,12796.694285714286,4,0,5,5
151.58859813084112,0.3391427453930931,13969.76,11912.63,12536.59,5,1,6,5
157.50339449541283,0.380264847587319,16219.98,8091.16,13151.925714285713,6,1,7,5
132.36401639344263,0.30640973708426433,17167.87,12580.27,14448.598571428573,0,0,8,5
166.69639999999998,0.33612696030173267,16148.41,17640.2,14958.332857142857,1,0,9,5
181.9781739130435,0.270089771189026,20837.05,10053.56,15415.025714285715,2,0,10,5
144.16309523809522,0.2964085632263276,20927.49,13508.55,16968.444285714282,3,0,11,5
111.82044247787611,0.33310766986805335,18164.55,13969.76,17633.587142857144,4,0,12,5
124.91301369863014,0.3287086458686972,12635.710000000001,16219.98,17443.00857142857,5,1,13,5
135.89017857142858,0.31547719331832325,9118.65,17167.87,16428.532857142858,6,1,14,5
116.63655844155844,0.36398422428615046,15219.7,16148.41,16150.222857142857,0,0,15,5
140.23099337748346,0.286026743696827,17962.03,20837.05,16409.31142857143,1,0,16,5
130.09879432624115,0.32397006780335724,21174.88,20927.49,16457.572857142855,2,0,17,5
145.96104,0.30155432179026886,18343.93,18164.55,16088.492857142857,3,0,18,5
127.7615972222222,0.31163721751688866,18245.13,12635.710000000001,16100.004285714285,4,0,19,5
147.67236111111112,0.31790176812430937,18397.67,9118.65,16923.141428571427,5,1,20,5
117.7445945945946,0.3622745851091162,10632.41,15219.7,17139.39285714286,6,1,21,5
171.71756756756758,0.3114438474707154,17426.2,17962.03,17454.60714285714,0,0,22,5
142.38704,0.28304315016044634,25414.2,21174.88,18519.202857142856,1,0,23,5
165.60971631205675,0.34436621389067373,17798.38,18343.93,18036.845714285715,2,0,24,5
146.51228571428572,0.31771501564003835,23350.97,18245.13,18752.13714285714,3,0,25,5
136.55358974358975,0.41546194006607245,15383.79,18397.67,18343.374285714286,4,0,26,5
174.56185185185186,0.34707069583609823,10651.18,10632.41,17236.73285714286,5,1,27,5
94.5165306122449,0.3317886621142446,14139.51,17426.2,17737.747142857144,6,1,28,5
119.70164556962025,0.3073309587572247,9262.62,25414.2,16571.52142857143,0,0,29,5
140.6419607843137,0.3030213415865427,18912.86,17798.38,15642.75857142857,1,0,30,5
162.2075396825397,0.28173715422286094,14345.48,23350.97,15149.487142857144,2,0,31,5
155.6875,0.2992183924947684,20438.15,15383.79,14733.369999999999,3,0,1,6
151.8359523809524,0.2772989549464065,19305.25,10651.18,15293.578571428572,4,0,2,6
117.41966292134832,0.3239178711109913,19131.33,14139.51,16505.02857142857,5,1,3,6
137.259702970297,0.267495853034766,10450.35,9262.62,15978.005714285715,6,1,4,6
165.647602739726,0.25574498864590645,13863.23,18912.86,16635.235714285714,0,0,5,6
109.69285714285714,0.39105800080932457,24184.55,14345.48,17388.334285714285,1,0,6,6
102.99725806451613,0.3307895169991966,14589.15,20438.15,17423.144285714287,2,0,7,6
135.05897810218977,0.30746674597611284,12771.66,19305.25,16327.93142857143,3,0,8,6
151.42783018867925,0.41431990074877023,18503.079999999998,19131.33,16213.335714285715,4,0,9,6
108.16250000000001,0.35794983135672087,16051.35,10450.35,15773.33857142857,5,1,10,6
126.58017699115044,0.33974924530050143,8220.35,13863.23,15454.767142857143,6,1,11,6
118.42488,0.323292784783478,14303.56,24184.55,15517.671428571428,0,0,12,6
112.12872,0.3342351702357675,14803.11,14589.15,14177.465714285714,1,0,13,6
157.2436153846154,0.32357736336593756,14016.09,12771.66,14095.6,2,0,14,6
119.04364485981309,0.32192425987095946,20441.670000000002,18503.079999999998,15191.315714285713,3,0,15,6
133.07453608247422,0.30968487029987674,12737.67,16051.35,14367.685714285717,4,0,16,6
152.22662162162163,0.30457911890114414,12908.23,8220.35,13918.668571428572,5,1,17,6
198.17955555555557,0.3237847499891357,11264.77,14303.56,14353.585714285715,6,1,18,6
145.92839743589744,0.29970165523371756,17836.16,14803.11,14858.242857142859,0,0,19,6
119.22097826086956,0.4376747461366725,22764.83,14016.09,15995.63142857143,1,0,20,6
176.67571428571426,0.45787373901990397,10968.33,20441.670000000002,15560.237142857144,2,0,21,6
100.30465909090908,0.3760311996663597,6183.65,12737.67,13523.377142857144,3,0,22,6
124.14,0.32475718788784896,8826.81,12908.23,12964.682857142858,4,0,23,6
109.54802631578947,0.35661459661342454,13282.98,11264.77,13018.218571428572,5,1,24,6
168.05885714285714,0.31510584819796367,8325.65,17836.16,12598.344285714285,6,1,25,6
186.31611111111113,0.31317289562449935,17646.18,22764.83,12571.204285714284,0,0,26,6
119.15435714285715,0.3135343085755592,13414.76,10968.33,11235.48,1,0,27,6
122.13183333333333,0.32840335989164604,16681.61,6183.65,12051.662857142857,2,0,28,6
110.63209090909092,0.3247898826544751,14655.82,8826.81,13261.972857142857,3,0,29,6
136.9558064516129,0.29860995354838243,12169.53,13282.98,13739.504285714287,4,0,30,6
151.896875,0.31442880156823944,12736.89,8325.65,13661.49142857143,5,1,1,7
109.4232380952381,0.32981257245129947,12151.75,17646.18,14208.077142857144,6,1,2,7
141.97478632478632,0.3306724381480632,11489.44,13414.76,13328.54285714286,0,0,3,7
125.88813008130082,0.3302905322079509,16611.05,16681.61,13785.155714285715,1,0,4,7
148.49685714285715,0.31041279470290256,15484.24,14655.82,13614.102857142858,2,0,5,7
150.16027027027027,0.29605197735702127,20789.56,12169.53,14490.351428571428,3,0,6,7
116.77666666666667,0.33027878092604873,22223.72,12736.89,15926.664285714285,4,0,7,7
122.97421686746989,0.2617095422974565,13662.87,12151.75,16058.947142857141,5,1,8,7
91.082,0.35839122068154644,10206.86,11489.44,15781.105714285713,6,1,9,7
123.76378571428572,0.33224199063711257,8197.38,16611.05,15310.811428571427,0,0,10,7
124.77648148148148,0.31313235531277767,17326.93,15484.24,15413.08,1,0,11,7
128.72630872483222,0.32240083657781116,20213.79,20789.56,16088.73,2,0,12,7
106.06569343065694,0.35770477127382244,19180.22,22223.72,15858.824285714287,3,0,13,7
125.80637583892619,0.3330907937608871,14531.0,13662.87,14759.864285714286,4,0,14,7
111.53632653061224,0.35324869628536987,18745.15,10206.86,15485.904285714289,5,1,15,7
119.83571428571429,1.1998678784064487,10930.56,8197.38,15589.290000000003,6,1,16,7
132.23914110429448,0.26988670912483015,13421.6,17326.93,16335.607142857143,0,0,17,7
148.6221052631579,0.2765703757878995,21554.98,20213.79,16939.614285714288,1,0,18,7
110.30226666666667,0.29475684798774365,28238.2,19180.22,18085.95857142857,2,0,19,7
135.9863829787234,0.33057505386277597,16545.34,14531.0,17709.547142857144,3,0,20,7
117.97236842105264,0.3002803051445594,19174.08,18745.15,18372.844285714287,4,0,21,7
130.19102272727272,0.3561469577521019,13448.85,10930.56,17616.230000000003,5,1,22,7
116.51548076923078,0.28334505159884427,11456.81,13421.6,17691.408571428572,6,1,23,7
122.12807453416148,0.2921845830082128,12117.61,21554.98,17505.124285714286,0,0,24,7
115.77834437086092,0.31961076514019315,19662.62,28238.2,17234.787142857145,1,0,25,7
91.58723577235772,0.4175518318883292,17482.53,16545.34,15698.262857142856,2,0,26,7
127.5929268292683,0.33754117315071325,11265.23,19174.08,14943.961428571429,3,0,27,7
151.8421212121212,0.29712997005799147,15693.93,13448.85,14446.797142857144,4,0,28,7
138.81973913043478,0.2562971623764017,20043.16,11456.81,15388.841428571426,5,1,29,7
110.63991452991453,0.3283606858710419,15964.27,12117.61,16032.764285714284,6,1,30,7
117.5025850340136,0.33269862560901825,12944.87,19662.62,16150.944285714286,0,0,31,7
131.7881212121212,0.31689126450188215,17272.88,17482.53,15809.552857142857,1,0,1,8
117.07741935483871,0.3148391320642265,21745.04,11265.23,16418.48285714286,2,0,2,8
130.99664383561642,0.29454143288204093,18147.0,15693.93,17401.59285714286,3,0,3,8
130.22425531914894,0.30597629461146914,19125.51,20043.16,17891.818571428572,4,0,4,8
103.88617391304348,0.3240415410906985,18361.62,15964.27,17651.59857142857,5,1,5,8
131.30685185185186,0.3747587824056554,11946.91,12944.87,17077.69,6,1,6,8
148.1391082802548,0.27584515919622205,14181.14,17272.88,17254.3,0,0,7,8
127.81938356164385,0.28785261130187095,23257.84,21745.04,18109.294285714284,1,0,8,8
146.17267605633802,0.30601401676519946,18661.63,18147.0,17668.807142857142,2,0,9,8
128.7841935483871,0.29548197944587473,20756.52,19125.51,18041.595714285715,3,0,10,8
145.21188405797102,0.3486897178356694,19961.55,18361.62,18161.030000000002,4,0,11,8
144.13257731958763,0.2911540923961437,20039.24,11946.91,18400.69,5,1,12,8
134.06728260869565,0.36044277061366403,13980.86,14181.14,18691.254285714287,6,1,13,8
116.38698717948718,0.2922519807152895,12334.19,23257.84,18427.404285714285,0,0,14,8
122.93917098445597,0.29754909164609783,18156.37,18661.63,17698.622857142855,1,0,15,8
138.44173410404622,0.34356823583292345,23727.260000000002,20756.52,18422.284285714286,2,0,16,8
118.43812903225806,0.29017778044643927,23950.42,19961.55,18878.555714285718,3,0,17,8
117.34253424657533,0.29573740199434617,18357.91,20039.24,18649.464285714286,4,0,18,8
119.53824074074073,0.37836759973827305,17132.01,13980.86,18234.145714285714,5,1,19,8
124.98815533980583,0.3642305888249898,12910.13,12334.19,18081.184285714287,6,1,20,8
125.53305084745762,0.3353455938826154,12873.78,18156.37,18158.268571428573,0,0,21,8
122.25823529411764,0.359329452406131,22219.35,23727.260000000002,18738.69428571429,1,0,22,8
143.0054954954955,0.2586952503761691,16627.12,23950.42,17724.38857142857,2,0,23,8
106.04055555555556,0.30780039952971333,15873.61,18357.91,16570.558571428573,3,0,24,8
123.2790243902439,0.28976765274265226,13361.11,17132.01,15856.729999999998,4,0,25,8
109.05043010752689,0.3317171658200744,15163.32,12910.13,15575.488571428572,5,1,26,8
113.28711864406779,0.38690496386387946,10141.69,12873.78,15179.997142857143,6,1,27,8
143.51303225806453,0.3039407106444996,13367.88,22219.35,15250.582857142856,0,0,28,8
246.39766423357668,0.2913948548584885,22244.52,16627.12,15254.17857142857,1,0,29,8
173.80988764044943,0.3077980260681268,33756.48,15873.61,17701.230000000003,2,0,30,8
139.67236486486485,0.30136315164798594,30938.16,13361.11,19853.308571428573,3,0,31,8
180.2096835443038,0.3125628078079437,20671.51,15163.32,20897.65142857143,4,0,1,9
174.31403846153847,0.3234454893278367,28473.13,10141.69,22799.052857142855,5,1,2,9
222.36328,0.24068890884864597,18128.66,13367.88,23940.04857142857,6,1,3,9
168.49986486486486,0.2752301949531314,27795.41,22244.52,26001.124285714286,0,0,4,9
136.24383116883115,0.30194485884675026,24937.98,33756.48,26385.90428571429,1,0,5,9
183.03292857142858,0.28680370167838887,20981.55,30938.16,24560.914285714283,2,0,6,9
174.159793814433,0.30071973646140077,25624.61,20671.51,23801.835714285717,3,0,7,9
103.33452173913042,0.32792903053780625,16893.5,28473.13,23262.120000000003,4,0,8,9
142.28801886792454,0.35257771374978575,11883.47,18128.66,20892.168571428574,5,1,9,9
131.92792592592593,0.2605113909562034,15082.53,27795.41,20457.007142857146,6,1,10,9
131.33022471910112,0.28114446160767453,17810.27,24937.98,19030.558571428573,0,0,11,9
133.0196568627451,0.2983405821471253,23376.78,20981.55,18807.53,1,0,12,9
134.60136585365854,0.3146193370208944,27136.010000000002,25624.61,19686.738571428574,2,0,13,9
135.8901204819277,0.30999163726630785,27593.28,16893.5,19967.977142857144,3,0,14,9
122.48839999999998,0.3602642185184557,22557.76,11883.47,20777.157142857144,4,0,15,9
163.9331007751938,0.2824186647679681,18373.26,15082.53,21704.27,5,1,16,9
159.83536,0.2736698524688006,21147.37,17810.27,22570.675714285717,6,1,17,9
155.67109289617488,0.2730303441835189,19979.420000000002,23376.78,22880.554285714286,0,0,18,9
131.09771241830066,0.2865836368695031,28487.81,27136.010000000002,23610.701428571425,1,0,19,9
137.28291925465837,0.30781316807963927,20057.95,27593.28,22599.55,2,0,20,9
126.77019999999999,0.3280075856056348,22102.55,22557.76,21815.16,3,0,21,9
119.5229411764706,0.2766517840219608,19015.53,18373.26,21309.12714285714,4,0,22,9
123.68823529411765,0.39528990634445726,16255.12,21147.37,21006.535714285714,5,1,23,9
115.48451327433628,0.2934429921298734,10513.5,19979.420000000002,19487.411428571428,6,1,24,9
135.24135338345863,0.36678786675719666,13049.75,28487.81,18497.45857142857,0,0,25,9
121.12793296089386,0.29355830104095987,17987.1,20057.95,16997.35714285714,1,0,26,9
143.3813888888889,0.3012062058148454,21681.9,22102.55,17229.35,2,0,27,9
163.83464788732394,0.2745759690908854,20646.920000000002,19015.53,17021.402857142857,3,0,28,9
266.1944827586207,0.29374196796054713,23264.52,16255.12,17628.40142857143,4,0,29,9
116.38064220183486,0.3026481449058025,30878.56,10513.5,19717.464285714286,5,1,30,9
147.041171875,0.27580354875929936,12685.49,13049.75,20027.74857142857,6,1,1,10
153.27218309859157,0.3150427470219674,18821.27,17987.1,20852.25142857143,0,0,2,10
131.9119696969697,0.3255173106487841,21764.65,21681.9,21391.90142857143,1,0,3,10
135.0171974522293,0.33323913036531655,26118.57,20646.920000000002,22025.71142857143,2,0,4,10
182.268,0.25089409087342945,21197.7,23264.52,22104.394285714283,3,0,5,10
135.59261904761905,0.2963723561142821,25517.52,30878.56,22426.25142857143,4,0,6,10
149.28174757281553,0.26549262544861324,17084.670000000002,12685.49,20455.695714285714,5,1,7,10
133.37911290322583,0.3110635313048909,15376.02,18821.27,20840.057142857142,6,1,8,10
158.83659685863876,0.3073009854697576,16539.010000000002,21764.65,20514.02,0,0,9,10
156.39516666666668,0.35455136932644715,30337.79,26118.57,21738.754285714287,1,0,10,10
145.31647435897435,0.29499011871642145,28151.13,21197.7,22029.12,2,0,11,10
133.9587857142857,0.2903116188113562,22669.37,25517.52,22239.358571428573,3,0,12,10
151.531059602649,0.2961286046454598,18754.23,17084.670000000002,21273.174285714285,4,0,13,10
116.62775862068965,0.3730425594370121,22881.19,15376.02,22101.248571428576,5,1,14,10
156.26541666666665,0.33529654357593325,13528.82,16539.010000000002,21837.362857142853,6,1,15,10
157.6296907216495,0.33357827799091183,18751.85,30337.79,22153.482857142855,0,0,16,10
150.6384263959391,0.3214380080482508,30580.16,28151.13,22188.10714285714,1,0,17,10
154.87380681818183,0.29832442394207614,29675.77,22669.37,22405.91285714286,2,0,18,10
132.70691428571428,0.2758921330915784,27257.79,18754.23,23061.40142857143,3,0,19,10
155.21833333333333,0.29398049199330734,23223.71,22881.19,23699.89857142857,4,0,20,10
136.20409090909092,0.2855341030330703,18626.2,13528.82,23092.042857142857,5,1,21,10
126.03063694267517,0.36420334541482136,14982.45,18751.85,23299.704285714284,6,1,22,10
141.0006329113924,0.3312829688694222,19786.81,30580.16,23447.555714285718,0,0,23,10
134.58091463414635,0.30773457945113114,22278.1,29675.77,22261.547142857144,1,0,24,10
113.6822077922078,0.31531667396022317,22071.27,27257.79,21175.190000000002,2,0,25,10
157.85419580419583,0.3742976690948308,17507.06,23223.71,19782.22857142857,3,0,26,10
155.55404580152674,0.27664401585355575,22573.15,18626.2,19689.29142857143,4,0,27,10
191.66988372093024,0.3441077102692592,20377.58,14982.45,19939.488571428574,5,1,28,10
132.82884615384614,0.3351725250045347,16483.61,19786.81,20153.94,6,1,29,10
140.42520833333333,0.27871056561650615,17267.75,22278.1,19794.074285714283,0,0,30,10
151.6751592356688,0.27649621699285126,20221.23,22071.27,19500.235714285718,1,0,31,10
177.83128440366974,0.27754969385536943,23813.0,17507.06,19749.054285714286,2,0,1,11
175.73330578512397,0.25704729954165506,19383.61,22573.15,20017.132857142857,3,0,2,11
165.53659420289856,0.2688570557369772,21263.73,20377.58,19830.07285714286,4,0,3,11
172.69432432432433,0.2871689496410542,22844.05,16483.61,20182.425714285713,5,1,4,11
122.88964539007091,0.3754624954847344,19169.07,17267.75,20566.062857142857,6,1,5,11
150.52784210526318,0.2950145116994134,17327.44,20221.23,20574.59,0,0,6,11
132.67331210191082,0.3587894901370398,28600.29,23813.0,21771.59857142857,1,0,7,11
110.57764367816091,0.31930178476539944,20829.71,19383.61,21345.414285714283,2,0,8,11
133.26244680851065,0.30571065711163425,19240.51,21263.73,21324.971428571425,3,0,9,11
123.3160975609756,0.304713169718551,25053.34,22844.05,21866.344285714287,4,0,10,11
150.2714193548387,0.3118286403623235,20223.84,19169.07,21492.028571428575,5,1,11,11
134.2282558139535,0.30634917817812496,23292.07,17327.44,22081.028571428567,6,1,12,11
120.75232673267327,0.32156565044239266,23087.260000000002,28600.29,22903.859999999997,0,0,13,11
143.12,0.2863785866071392,24391.97,20829.71,22302.67142857143,1,0,14,11
128.16913513513515,0.2741537091174386,27049.68,19240.51,23191.23857142857,2,0,15,11
126.20008928571428,0.2985532926275211,23711.29,25053.34,23829.92142857143,3,0,16,11
154.54534391534392,0.2953058698562447,28268.82,20223.84,24289.27571428572,4,0,17,11
159.13219178082193,0.3230218600086816,29209.07,23292.07,25572.880000000005,5,1,18,11
126.30101265822786,0.3055834241878615,23233.3,23087.260000000002,25564.484285714287,6,1,19,11
195.94898230088495,0.26144046696087325,19955.56,24391.97,25117.09857142857,0,0,20,11
151.84353982300885,0.29254471337634763,44284.47,27049.68,27958.884285714284,1,0,21,11
126.07358585858586,0.3876491898947662,34316.64,23711.29,28997.021428571432,2,0,22,11
161.4183393501805,0.2913010068425986,24962.57,28268.82,29175.77571428571,3,0,23,11
130.92087478559176,0.31967780540273255,44712.88,29209.07,31524.92714285714,4,0,24,11
122.33630522088355,0.33897726226419567,152653.74,23233.3,49159.88,5,1,25,11
116.7919587628866,0.3154886380839684,60923.48,19955.56,54544.19142857142,6,1,26,11
119.80915,0.3031169041153086,45315.28,44284.47,58167.008571428574,0,0,27,11
127.35784574468086,0.31132480724925893,47923.66,34316.64,58686.89285714285,1,0,28,11
124.87382445141066,0.34514759204072554,47886.55,24962.57,60625.45142857143,2,0,29,11
118.64674242424243,0.3163779737386787,39834.75,44712.88,62750.048571428575,3,0,30,11
145.91937956204382,0.2878719264079246,31322.74,152653.74,60837.17142857143,4,0,1,12
145.8323831775701,0.2898551218629733,39981.91,60923.48,44741.19571428571,5,1,2,12
126.67930735930737,0.2632493913050103,31208.13,45315.28,40496.14571428572,6,1,3,12
143.04688821752265,0.2932566704256228,29262.920000000002,47923.66,38202.95142857143,0,0,4,12
122.29952727272729,0.3433721122489959,47348.52,47886.55,38120.78857142857,1,0,5,12
143.5851282051282,0.3046384256658324,33632.37,39834.75,36084.47714285715,2,0,6,12
124.14061946902655,0.3085158209584093,39198.74,31322.74,35993.618571428575,3,0,7,12
138.82539534883722,0.2771070225626219,28055.78,39981.91,35526.909999999996,4,0,8,12
129.20670967741935,0.3478588762067938,29847.46,31208.13,34079.13142857143,5,1,9,12
132.06304812834225,0.29102696801731764,20027.04,29262.920000000002,32481.83285714286,6,1,10,12
127.30483146067415,0.2807434788579345,24695.79,47348.52,31829.385714285716,0,0,11,12
129.72368217054265,0.2812558303985657,33990.39,33632.37,29921.08142857143,1,0,12,12
135.78568807339448,0.2673124731927434,33468.71,39198.74,29897.70142857143,2,0,13,12
127.0664824120603,0.3226866156958516,29601.28,28055.78,28526.635714285712,3,0,14,12
142.615625,0.3151249373623495,25286.23,29847.46,28130.985714285714,4,0,15,12
154.9334351145038,0.2696934146614891,27382.2,20027.04,27778.805714285718,5,1,16,12
145.2060902255639,0.3146266501455719,20296.28,24695.79,27817.268571428573,6,1,17,12
140.20245192307692,0.2828454069044638,19312.41,33990.39,27048.214285714286,0,0,18,12
118.4827011494253,0.31816786347683634,29162.11,33468.71,26358.46,1,0,19,12
163.50017543859647,0.2917673532235707,20615.99,29601.28,24522.35714285714,2,0,20,12
129.87566433566434,0.2902941853415327,27958.53,25286.23,24287.678571428572,3,0,21,12
135.77545454545455,0.307208285253901,18572.22,27382.2,23328.534285714286,4,0,22,12
120.32757009345794,0.32674271474176714,14935.3,20296.28,21550.405714285713,5,1,23,12
97.61033898305085,0.3127314701866031,12875.05,19312.41,20490.23,6,1,24,12
115.34822222222222,0.32062773324521116,5759.01,29162.11,18554.03,0,0,25,12
122.31803571428571,0.29703130832065394,10381.34,20615.99,15871.062857142857,1,0,26,12
106.62891566265061,0.31597533493531205,20549.43,27958.53,15861.554285714286,2,0,27,12
102.99650684931507,0.30209143088238116,17700.4,18572.22,14396.107142857143,3,0,28,12
120.62195488721805,0.29388194513032045,15037.49,14935.3,13891.145714285714,4,0,29,12
135.8609375,0.2804222844987696,16042.720000000001,12875.05,14049.348571428573,5,1,30,12
117.37527027027028,0.27714253833081287,13042.65,5759.01,14073.29142857143,6,1,31,12
95.18095890410959,0.29799716978356855,8685.77,10381.34,14491.4,0,0,1,1
124.70443349753694,0.3258536786148562,6948.21,20549.43,14000.952857142856,1,0,2,1
143.63387387387388,0.2956553607464651,25315.0,17700.4,14681.748571428572,2,0,3,1
136.6252549019608,0.27681956708104233,31886.72,15037.49,16708.365714285716,3,0,4,1
132.63344497607656,0.2843738316812695,34839.44,16042.720000000001,19537.215714285714,4,0,5,1
128.41706976744186,0.32684843101660016,27720.39,13042.65,21205.454285714284,5,1,6,1
150.93851282051284,0.2809081650309047,27609.670000000002,8685.77,23286.457142857143,6,1,7,1
132.58356164383562,0.31923344121012814,29433.010000000002,6948.21,26250.34857142857,0,0,8,1
120.51358565737051,0.3249879984695343,38714.4,25315.0,30788.375714285714,1,0,9,1
138.91527075812274,0.32476757586675764,30248.91,31886.72,31493.22,2,0,10,1
151.73090909090908,0.3280974950203539,38479.53,34839.44,32435.05,3,0,11,1
129.6608368200837,0.3469121219698886,40056.96,27720.39,33180.409999999996,4,0,12,1
130.05513888888888,0.28772578967021567,30988.94,27609.670000000002,33647.345714285715,5,1,13,1
133.45918103448275,0.2677107762515582,28091.91,29433.010000000002,33716.23714285714,6,1,14,1
125.67311475409836,0.3070092176943737,30962.53,38714.4,33934.74,0,0,15,1
146.96734219269104,0.3000017317176032,38330.3,30248.91,33879.868571428575,1,0,16,1
127.97595744680851,0.3233347314375575,44237.17,38479.53,35878.19142857143,2,0,17,1
116.70071428571428,0.3351596307103992,36089.22,40056.96,35536.71857142857,3,0,18,1
129.11543103448275,0.38641158294050815,27774.77,30988.94,33782.12,4,0,19,1
121.63956521739131,0.3346660654667271,29954.78,28091.91,33634.38285714285,5,1,20,1
122.83417525773194,0.32129987513987246,22381.68,30962.53,32818.635714285716,6,1,21,1
119.79883870967741,0.31142966526994526,23829.829999999998,38330.3,31799.678571428572,0,0,22,1
132.61896946564886,0.2955107259901502,37137.64,44237.17,31629.298571428575,1,0,23,1
130.45337448559673,0.2984877550319638,34746.17,36089.22,30273.441428571427,2,0,24,1
127.73456896551725,0.29541890029932194,31700.170000000002,27774.77,29646.434285714287,3,0,25,1
149.10087719298247,0.34047943121893776,29634.420000000002,29954.78,29912.09857142857,4,0,26,1
143.9939869281046,0.2472703179878593,33995.0,22381.68,30489.272857142856,5,1,27,1
155.48870967741937,0.27327529685834195,22031.08,23829.829999999998,30439.187142857143,6,1,28,1
123.90780487804878,0.288780257912854,24100.75,37137.64,30477.890000000003,0,0,29,1
115.13171206225681,0.34729883590115734,30481.32,34746.17,29526.987142857146,1,0,30,1
128.31996078431374,0.2922836861968445,29588.85,31700.170000000002,28790.227142857144,2,0,31,1
130.87133620689656,0.3001649512602744,32721.59,29634.420000000002,28936.144285714283,3,0,1,2
130.80943396226414,0.3656861175850975,30362.15,33995.0,29040.105714285717,4,0,2,2
121.49564766839379,0.3265817770134185,27731.6,22031.08,28145.334285714285,5,1,3,2
119.35218905472637,0.3179186472230768,23448.66,24100.75,28347.84571428571,6,1,4,2
137.86287822878228,0.3171095538364655,23989.79,30481.32,28331.994285714285,0,0,5,2
127.78794007490636,0.2760701527493178,37360.84,29588.85,29314.782857142858,1,0,6,2
127.26109756097561,0.3019029455195952,34119.38,32721.59,29962.00142857143,2,0,7,2
119.27829694323144,0.29423047606274594,31306.23,30362.15,29759.807142857142,3,0,8,2
145.70175355450237,0.2742347028989613,27314.73,27731.6,29324.461428571427,4,0,9,2
120.72818181818182,0.29250486730011577,30743.07,23448.66,29754.67142857143,5,1,10,2
132.38223529411763,0.32026528777265145,21248.16,23989.79,29440.31428571429,6,1,11,2
108.422,0.3073279918645098,22504.98,37360.84,29228.19857142857,0,0,12,2
106.479009009009,0.31677871125675655,23310.73,34119.38,27221.04,1,0,13,2
126.12125850340136,0.3006739386642183,23638.34,31306.23,25723.74857142857,2,0,14,2
114.87512455516014,0.3068836468006138,37079.65,27314.73,26548.522857142856,3,0,15,2
126.8631603773585,0.2868711677377743,32279.91,30743.07,27257.834285714285,4,0,16,2
123.52851485148516,0.3070241981340408,26894.99,21248.16,26708.108571428573,5,1,17,2
121.74470297029703,0.3370922336162399,24952.760000000002,22504.98,27237.33714285714,6,1,18,2
108.84413127413127,0.32841496583406704,24592.43,23310.73,27535.544285714284,0,0,19,2
126.97420138888889,0.30500791408370215,28190.63,23638.34,28232.672857142858,1,0,20,2
122.27052830188678,0.31050977639247307,36568.57,37079.65,30079.84857142857,2,0,21,2
117.69320143884892,0.3144352008350461,32401.69,32279.91,29411.568571428572,3,0,22,2
120.95617021276595,0.31746105270306935,32718.71,26894.99,29474.254285714287,4,0,23,2
127.70268421052633,0.2862616235941557,28424.7,24952.760000000002,29692.784285714286,5,1,24,2
123.2226582278481,0.3364945092370318,24263.510000000002,24592.43,29594.32,6,1,25,2
147.80729729729728,0.2955245737793773,29203.77,28190.63,30253.08285714286,0,0,26,2
135.1248322147651,0.3171508967749854,43750.96,36568.57,32475.987142857142,1,0,27,2
145.86721153846153,0.33139380743692265,40267.2,32401.69,33004.362857142856,2,0,28,2
144.1873090909091,0.3051546494341582,45510.57,32718.71,34877.06,3,0,1,3
119.91116981132075,0.3194849138402314,39651.51,28424.7,35867.46,4,0,2,3
124.50457547169812,0.3539148621414044,31776.46,24263.510000000002,36346.282857142854,5,1,3,3
138.05063829787235,0.289432946757359,26394.97,29203.77,36650.777142857136,6,1,4,3
146.27125954198473,0.3443878176185603,32441.9,43750.96,37113.36714285715,0,0,5,3
144.55346863468634,0.33707580402558357,38323.07,40267.2,36337.95428571429,1,0,6,3
140.0693410852713,0.344320909483166,39173.99,45510.57,36181.78142857143,2,0,7,3
120.326452991453,0.3697653920496953,36137.89,39651.51,34842.827142857146,3,0,8,3
139.92827586206897,0.39776443201474626,28156.39,31776.46,33200.66714285714,4,0,9,3
136.47869791666668,0.31208250032468793,28405.44,26394.97,32719.092857142856,5,1,10,3
143.67169724770642,0.3371330785397003,26203.91,32441.9,32691.79857142857,6,1,11,3
132.08905172413793,0.35802296914533127,31320.43,38323.07,32531.588571428572,0,0,12,3
158.91735682819382,0.3324497128771221,30644.66,39173.99,31434.672857142858,1,0,13,3
118.83227272727274,0.318938595950201,36074.24,36137.89,30991.851428571423,2,0,14,3
154.9351748251748,0.32290493382519947,23528.79,28156.39,29190.551428571427,3,0,15,3
130.28646825396825,0.3357522234909878,44311.46,28405.44,31498.41857142857,4,0,16,3
111.54722222222222,0.33395352006015633,32832.19,26203.91,32130.81142857143,5,1,17,3
144.74106976744187,0.281588480805093,20078.5,31320.43,31255.75285714286,6,1,18,3
147.83175496688742,0.3274982927889826,31119.33,30644.66,31227.024285714288,0,0,19,3
120.36858585858586,0.3899438655256243,44645.19,36074.24,33227.1,1,0,20,3
139.34887719298246,0.33648844133435135,35749.47,23528.79,33180.70428571429,2,0,21,3
122.5173622047244,0.3193398074512337,39714.43,44311.46,35492.938571428575,3,0,22,3
135.25680365296802,0.32823506696681104,31119.41,32832.19,33608.36,4,0,23,3
144.16830303030304,0.36347051618125803,29621.239999999998,20078.5,33149.65285714286,5,1,24,3
134.51205263157894,0.3333569042700373,23787.77,31119.33,33679.548571428575,6,1,25,3
132.0258671586716,0.315445782012278,25557.29,44645.19,32884.97142857143,0,0,26,3
141.76555102040817,0.30621391945523896,35779.01,35749.47,31618.374285714286,1,0,27,3
135.67735159817352,0.2805521276961984,34732.56,39714.43,31473.101428571426,2,0,28,3
149.1068556701031,0.31262175978211915,29713.34,31119.41,30044.374285714286,3,0,29,3
133.86751515151514,0.35252872602673435,28926.73,29621.239999999998,29731.134285714284,4,0,30,3
150.92053892215569,0.2870890320778843,22088.14,23787.77,28654.977142857148,5,1,31,3
142.0128502415459,0.3179295450424784,25203.73,25557.29,28857.257142857143,6,1,1,4
143.34199288256227,0.30778116564426156,29396.66,35779.01,29405.738571428574,0,0,2,4
147.34353658536585,0.32113785145083784,40279.1,34732.56,30048.608571428573,1,0,3,4
147.79272373540857,0.28745390376885643,36246.51,29713.34,30264.887142857147,2,0,4,4
135.55936090225563,0.3194876660716126,37982.73,28926.73,31446.22857142857,3,0,5,4
147.00920634920635,0.32136509933463864,36058.79,22088.14,32465.094285714287,4,0,6,4
155.59378048780488,0.3001439923796351,27784.74,25203.73,33278.89428571429,5,1,7,4
126.83162162162161,0.36545637710468404,25517.38,29396.66,33323.70142857143,6,1,8,4
194.89616600790515,0.3304755650686554,23463.85,40279.1,32476.157142857144,0,0,9,4
138.6595024875622,0.3559765291974486,49308.73,36246.51,33766.10428571429,1,0,10,4
148.8429197080292,0.3345143544378977,27870.56,37982.73,32569.540000000005,2,0,11,4
133.794431372549,0.34172868264526707,40782.96,36058.79,32969.572857142855,3,0,12,4
154.20970297029703,0.3118257794443673,34117.58,27784.74,32692.257142857143,4,0,13,4
129.08013698630137,0.3482397931104442,31150.36,25517.38,33173.060000000005,5,1,14,4
136.87910313901347,0.3277234648450235,18845.7,23463.85,32219.96285714286,6,1,15,4
144.3295,0.3177379538003902,30524.04,49308.73,33228.561428571425,0,0,16,4
138.42630188679246,0.3156807369909254,40412.26,27870.56,31957.63714285714,1,0,17,4
140.9739642857143,0.3027881358309149,36682.97,40782.96,33216.55285714286,2,0,18,4
148.24386986301369,0.3261045848728901,39472.71,34117.58,33029.374285714286,3,0,19,4
144.66244897959183,0.3050967466021891,43287.21,31150.36,34339.32142857143,4,0,20,4
121.57910256410257,0.3079486306906019,28353.84,18845.7,33939.81857142857,5,1,21,4
136.7545,0.31263230497570316,18966.34,30524.04,33957.05285714286,6,1,22,4
132.19042105263156,0.34846536610789514,27350.9,40412.26,33503.747142857144,0,0,23,4
158.98070110701107,0.42833675118466674,37674.27,36682.97,33112.60571428571,1,0,24,4
144.34866197183098,0.2673951136347023,43083.77,39472.71,34027.00571428571,2,0,25,4
124.53291338582677,0.25339777389599627,40995.02,43287.21,34244.478571428575,3,0,26,4
168.39892561983473,0.38695631475405295,31631.36,28353.84,32579.35714285714,4,0,27,4
139.4115976331361,0.3215507170040035,40752.54,18966.34,34350.6,5,1,28,4
113.5187134502924,0.32615866797955617,23560.56,27350.9,35006.91714285714,6,1,29,4
148.67754166666666,0.2814924899060102,19411.7,37674.27,33872.74571428572,0,0,30,4
